UNITID,UGPO9_N,UGPO9_T,UGPO9_A,GPO9_N,GPO9_T,GPO9_A,PO9_N,PO9_T,PO9_A,UGDOD_N,UGDOD_T,UGDOD_A,GDOD_N,GDOD_T,GDOD_A,DOD_N,DOD_T,DOD_A   
100654,221.0,1173387.0,5309.0,13.0,100324.0,7717.0,234,1273711,5443.0,7.0,29702.0,4243.0,2.0,6000.0,3000.0,9,35702,3967.0
100663,264.0,2243724.0,8499.0,159.0,1682377.0,10581.0,423,3926101,9282.0,25.0,70250.0,2810.0,12.0,23474.0,1956.0,37,93724,2533.0
100690,5.0,28990.0,5798.0,18.0,123990.0,6888.0,23,152980,6651.0,6.0,16000.0,2667.0,23.0,62750.0,2728.0,29,78750,2716.0
100706,285.0,2264421.0,7945.0,58.0,435150.0,7503.0,343,2699571,7870.0,13.0,41750.0,3212.0,8.0,17250.0,2156.0,21,59000,2810.0
100751,823.0,8772213.0,10659.0,131.0,849317.0,6483.0,954,9621530,10085.0,38.0,111430.0,2932.0,12.0,23250.0,1938.0,50,134680,2694.0
100812,54.0,219753.0,4070.0,5.0,15943.0,3189.0,59,235696,3995.0,8.0,12597.0,1575.0,7.0,16100.0,2300.0,15,28697,1913.0
100830,139.0,934989.0,6727.0,33.0,158022.0,4789.0,172,1093011,6355.0,27.0,90500.0,3352.0,12.0,41809.0,3484.0,39,132309,3393.0
100858,688.0,7541962.0,10962.0,147.0,1999152.0,13600.0,835,9541114,11426.0,20.0,69672.0,3484.0,25.0,56200.0,2248.0,45,125872,2797.0
101189,144.0,671985.0,4667.0,100.0,614439.0,6144.0,244,1286424,5272.0,11.0,7480.0,680.0,5.0,6013.0,1203.0,16,13493,843.0
101480,99.0,695107.0,7021.0,31.0,110288.0,3558.0,130,805395,6195.0,6.0,15500.0,2583.0,1.0,2250.0,2250.0,7,17750,2536.0
101587,34.0,145069.0,4267.0,53.0,299579.0,5652.0,87,444648,5111.0,8.0,29700.0,3713.0,4.0,6000.0,1500.0,12,35700,2975.0
101879,249.0,1734107.0,6964.0,45.0,243393.0,5409.0,294,1977500,6726.0,13.0,36750.0,2827.0,10.0,23400.0,2340.0,23,60150,2615.0
102094,220.0,1934910.0,8795.0,108.0,915583.0,8478.0,328,2850493,8691.0,15.0,36382.0,2425.0,5.0,12705.0,2541.0,20,49087,2454.0
102234,21.0,174966.0,8332.0,6.0,27540.0,4590.0,27,202506,7500.0,48.0,18307.0,381.0,54.0,134887.0,2498.0,102,153194,1502.0
102368,633.0,4095764.0,6470.0,229.0,1283166.0,5603.0,862,5378930,6240.0,801.0,1922100.0,2400.0,1074.0,2210750.0,2058.0,1875,4132850,2204.0
102395,23.0,181632.0,7897.0,6.0,65893.0,10982.0,29,247525,8535.0,18.0,31256.0,1736.0,2.0,5250.0,2625.0,20,36506,1825.0
102553,650.0,4307920.0,6628.0,39.0,322240.0,8263.0,689,4630160,6720.0,211.0,381065.0,1806.0,3.0,5250.0,1750.0,214,386315,1805.0
102614,368.0,2650713.0,7203.0,43.0,209086.0,4862.0,411,2859799,6958.0,151.0,334615.0,2216.0,7.0,8750.0,1250.0,158,343365,2173.0
102632,55.0,243175.0,4421.0,6.0,89527.0,14921.0,61,332702,5454.0,5.0,14038.0,2808.0,8.0,16528.0,2066.0,13,30566,2351.0
104151,1923.0,19738464.0,10264.0,169.0,2621084.0,15509.0,2092,22359548,10688.0,56.0,188838.0,3372.0,2.0,9000.0,4500.0,58,197838,3411.0
104179,1240.0,11503885.0,9277.0,300.0,4060935.0,13536.0,1540,15564820,10107.0,867.0,2123507.0,2449.0,64.0,235089.0,3673.0,931,2358596,2533.0
104717,3247.0,17821594.0,5489.0,1419.0,7308663.0,5151.0,4666,25130257,5386.0,3618.0,9551624.0,2640.0,528.0,1213166.0,2298.0,4146,10764790,2596.0
105330,536.0,4164396.0,7769.0,92.0,964699.0,10486.0,628,5129095,8167.0,94.0,227508.0,2420.0,69.0,159970.0,2318.0,163,387478,2377.0
106245,133.0,606726.0,4562.0,45.0,217362.0,4830.0,178,824088,4630.0,36.0,70808.0,1967.0,6.0,15531.0,2589.0,42,86339,2056.0
106397,308.0,2095485.0,6804.0,72.0,418349.0,5810.0,380,2513834,6615.0,15.0,41539.0,2769.0,12.0,20212.0,1684.0,27,61751,2287.0
106458,127.0,646521.0,5091.0,75.0,206183.0,2749.0,202,852704,4221.0,6.0,13830.0,2305.0,41.0,95831.0,2337.0,47,109661,2333.0
106467,114.0,659964.0,5789.0,9.0,43902.0,4878.0,123,703866,5722.0,4.0,12898.0,3225.0,3.0,6500.0,2167.0,7,19398,2771.0
106704,154.0,1085544.0,7049.0,23.0,99347.0,4319.0,177,1184891,6694.0,26.0,79503.0,3058.0,7.0,11762.0,1680.0,33,91265,2766.0
107141,19.0,320676.0,16878.0,13.0,75036.0,5772.0,32,395712,12366.0,3.0,7000.0,2333.0,2.0,2750.0,1375.0,5,9750,1950.0
107983,19.0,140104.0,7374.0,7.0,30385.0,4341.0,26,170489,6557.0,3.0,3750.0,1250.0,2.0,8250.0,4125.0,5,12000,2400.0
108232,854.0,16522668.0,19347.0,162.0,2456316.0,15162.0,1016,18978984,18680.0,108.0,163872.0,1517.0,8.0,14250.0,1781.0,116,178122,1536.0
110097,74.0,1386730.0,18740.0,25.0,228987.0,9159.0,99,1615717,16320.0,1.0,3750.0,3750.0,3.0,5250.0,1750.0,4,9000,2250.0
110361,237.0,5572008.0,23511.0,58.0,782151.0,13485.0,295,6354159,21540.0,30.0,68250.0,2275.0,7.0,14500.0,2071.0,37,82750,2236.0
110422,131.0,934697.0,7135.0,7.0,36907.0,5272.0,138,971604,7041.0,1.0,3398.0,3398.0,1.0,2687.0,2687.0,2,6085,3043.0
110486,80.0,494110.0,6176.0,17.0,98661.0,5804.0,97,592771,6111.0,4.0,6600.0,1650.0,1.0,750.0,750.0,5,7350,1470.0
110529,271.0,1212534.0,4474.0,22.0,155317.0,7060.0,293,1367851,4668.0,10.0,20233.0,2023.0,2.0,3526.0,1763.0,12,23759,1980.0
110538,115.0,537014.0,4670.0,15.0,68284.0,4552.0,130,605298,4656.0,2.0,7864.0,3932.0,1.0,2250.0,2250.0,3,10114,3371.0
110556,120.0,476109.0,3968.0,14.0,71756.0,5125.0,134,547865,4089.0,8.0,26403.0,3300.0,1.0,1500.0,1500.0,9,27903,3100.0
110565,296.0,1488320.0,5028.0,55.0,346777.0,6305.0,351,1835097,5228.0,19.0,41017.0,2159.0,5.0,9770.0,1954.0,24,50787,2116.0
110574,130.0,666734.0,5129.0,18.0,121603.0,6756.0,148,788337,5327.0,3.0,11645.0,3882.0,3.0,9709.0,3236.0,6,21354,3559.0
110583,419.0,1922457.0,4588.0,74.0,595472.0,8047.0,493,2517929,5107.0,14.0,34488.0,2463.0,10.0,28955.0,2896.0,24,63443,2643.0
110592,137.0,549151.0,4008.0,20.0,136205.0,6810.0,157,685356,4365.0,4.0,8871.0,2218.0,2.0,4580.0,2290.0,6,13451,2242.0
110608,294.0,1432519.0,4873.0,25.0,201585.0,8063.0,319,1634104,5123.0,11.0,19780.0,1798.0,4.0,8888.0,2222.0,15,28668,1911.0
110617,275.0,1327429.0,4827.0,20.0,120332.0,6017.0,295,1447761,4908.0,14.0,40115.0,2865.0,3.0,10670.0,3557.0,17,50785,2987.0
110644,62.0,825769.0,13319.0,57.0,2612843.0,45839.0,119,3438612,28896.0,5.0,14580.0,2916.0,4.0,10333.0,2583.0,9,24913,2768.0
114813,41.0,813141.0,19833.0,15.0,306608.0,20441.0,56,1119749,19996.0,2.0,4500.0,2250.0,1.0,4000.0,4000.0,3,8500,2833.0
115083,746.0,7450892.0,9988.0,498.0,6986803.0,14030.0,1244,14437695,11606.0,13.0,27000.0,2077.0,7.0,12250.0,1750.0,20,39250,1963.0
117140,169.0,1895153.0,11214.0,82.0,1014912.0,12377.0,251,2910065,11594.0,80.0,210407.0,2630.0,30.0,110135.0,3671.0,110,320542,2914.0
117751,58.0,797227.0,13745.0,29.0,188340.0,6494.0,87,985567,11328.0,18.0,45570.0,2532.0,5.0,10500.0,2100.0,23,56070,2438.0
119605,3017.0,27477015.0,9107.0,800.0,6615242.0,8269.0,3817,34092257,8932.0,1821.0,3929102.0,2158.0,348.0,896644.0,2577.0,2169,4825746,2225.0
121309,142.0,3195367.0,22503.0,55.0,573217.0,10422.0,197,3768584,19130.0,1.0,2250.0,2250.0,3.0,2250.0,750.0,4,4500,1125.0
121691,38.0,528947.0,13920.0,51.0,334367.0,6556.0,89,863314,9700.0,11.0,27050.0,2459.0,29.0,75129.0,2591.0,40,102179,2554.0
122597,566.0,2271956.0,4014.0,87.0,443356.0,5096.0,653,2715312,4158.0,5.0,17390.0,3478.0,1.0,4500.0,4500.0,6,21890,3648.0
122755,245.0,1332444.0,5439.0,50.0,378116.0,7562.0,295,1710560,5799.0,20.0,41768.0,2088.0,7.0,25072.0,3582.0,27,66840,2476.0
125231,241.0,1271872.0,5277.0,1216.0,8614357.0,7084.0,1457,9886229,6785.0,52.0,107690.0,2071.0,147.0,395979.0,2694.0,199,503669,2531.0
126580,1084.0,9236304.0,8521.0,215.0,1723743.0,8017.0,1299,10960047,8437.0,79.0,193250.0,2446.0,21.0,39935.0,1902.0,100,233185,2332.0
126614,968.0,13480241.0,13926.0,115.0,1950773.0,16963.0,1083,15431014,14248.0,8.0,15533.0,1942.0,2.0,1900.0,950.0,10,17433,1743.0
126669,307.0,2466764.0,8035.0,84.0,652352.0,7766.0,391,3119116,7977.0,204.0,723277.0,3545.0,9.0,35874.0,3986.0,213,759151,3564.0
126818,937.0,11321964.0,12083.0,171.0,2072074.0,12117.0,1108,13394038,12088.0,24.0,12105.0,504.0,51.0,93172.0,1827.0,75,105277,1404.0
126827,1275.0,16002769.0,12551.0,268.0,3518054.0,13127.0,1543,19520823,12651.0,373.0,1170428.0,3138.0,45.0,143967.0,3199.0,418,1314395,3144.0
127060,141.0,3056727.0,21679.0,378.0,6376674.0,16870.0,519,9433401,18176.0,3.0,9250.0,3083.0,24.0,69120.0,2880.0,27,78370,2903.0
127565,314.0,3483670.0,11094.0,15.0,221930.0,14795.0,329,3705600,11263.0,34.0,121302.0,3568.0,3.0,3759.0,1253.0,37,125061,3380.0
127918,122.0,1398191.0,11461.0,122.0,1225628.0,10046.0,244,2623819,10753.0,64.0,238087.0,3720.0,20.0,56516.0,2826.0,84,294603,3507.0
128780,32.0,121056.0,3783.0,2.0,7919.0,3960.0,34,128975,3793.0,20.0,46250.0,2313.0,3.0,4500.0,1500.0,23,50750,2207.0
129020,148.0,4695406.0,31726.0,97.0,2822072.0,29094.0,245,7517478,30684.0,4.0,15250.0,3813.0,4.0,10000.0,2500.0,8,25250,3156.0
129941,110.0,2344550.0,21314.0,66.0,710591.0,10767.0,176,3055141,17359.0,1.0,750.0,750.0,6.0,15000.0,2500.0,7,15750,2250.0
130183,567.0,2383308.0,4203.0,117.0,389915.0,3333.0,684,2773223,4054.0,2651.0,6642789.0,2506.0,255.0,560661.0,2199.0,2906,7203450,2479.0
130226,147.0,4735454.0,32214.0,41.0,776275.0,18934.0,188,5511729,29318.0,2.0,9000.0,4500.0,1.0,4500.0,4500.0,3,13500,4500.0
130943,200.0,2751284.0,13756.0,40.0,614328.0,15358.0,240,3365612,14023.0,27.0,115113.0,4263.0,5.0,6000.0,1200.0,32,121113,3785.0
131159,136.0,4403503.0,32379.0,316.0,6033951.0,19095.0,452,10437454,23092.0,1.0,1000.0,1000.0,43.0,144679.0,3365.0,44,145679,3311.0
131469,286.0,6598300.0,23071.0,662.0,11453214.0,17301.0,948,18051514,19042.0,134.0,238062.0,1777.0,48.0,156250.0,3255.0,182,394312,2167.0
132471,156.0,1621109.0,10392.0,81.0,1217430.0,15030.0,237,2838539,11977.0,10.0,24750.0,2475.0,2.0,5500.0,2750.0,12,30250,2521.0
132903,987.0,4731248.0,4794.0,145.0,1043350.0,7196.0,1132,5774598,5101.0,87.0,147619.0,1697.0,87.0,259450.0,2982.0,174,407069,2339.0
133650,111.0,522611.0,4708.0,21.0,168741.0,8035.0,132,691352,5238.0,7.0,13451.0,1922.0,2.0,6750.0,3375.0,9,20201,2245.0
133669,319.0,1508650.0,4729.0,63.0,557223.0,8845.0,382,2065873,5408.0,28.0,32885.0,1174.0,21.0,29597.0,1409.0,49,62482,1275.0
133881,145.0,3162794.0,21812.0,137.0,975758.0,7122.0,282,4138552,14676.0,4.0,17638.0,4410.0,346.0,978287.0,2827.0,350,995925,2846.0
133951,364.0,2558323.0,7028.0,168.0,1926620.0,11468.0,532,4484943,8430.0,37.0,82710.0,2235.0,5.0,19098.0,3820.0,42,101808,2424.0
134097,393.0,2220859.0,5651.0,256.0,1853033.0,7238.0,649,4073892,6277.0,20.0,31385.0,1569.0,102.0,404737.0,3968.0,122,436122,3575.0
134130,273.0,1217139.0,4458.0,371.0,5358828.0,14444.0,644,6575967,10211.0,13.0,24977.0,1921.0,95.0,278831.0,2935.0,108,303808,2813.0
134237,3444.0,48036136.0,13948.0,156.0,2009317.0,12880.0,3600,50045453,13902.0,116.0,292520.0,2522.0,3.0,6250.0,2083.0,119,298770,2511.0
134945,244.0,5907400.0,24211.0,97.0,1282873.0,13225.0,341,7190273,21086.0,1.0,1500.0,1500.0,4.0,9300.0,2325.0,5,10800,2160.0
135081,2703.0,33440088.0,12371.0,145.0,1495014.0,10310.0,2848,34935102,12267.0,49.0,126465.0,2581.0,2.0,4500.0,2250.0,51,130965,2568.0
136172,513.0,2467803.0,4811.0,76.0,539600.0,7100.0,589,3007403,5106.0,24.0,59123.0,2463.0,3.0,3429.0,1143.0,27,62552,2317.0
136215,106.0,1977743.0,18658.0,199.0,2639789.0,13265.0,305,4617532,15139.0,4.0,11682.0,2921.0,6.0,16686.0,2781.0,10,28368,2837.0
137032,973.0,5818876.0,5980.0,415.0,2650216.0,6386.0,1388,8469092,6102.0,1230.0,2995139.0,2435.0,128.0,276898.0,2163.0,1358,3272037,2409.0
137351,907.0,4580815.0,5051.0,234.0,2087491.0,8921.0,1141,6668306,5844.0,28.0,52380.0,1871.0,24.0,63978.0,2666.0,52,116358,2238.0
137564,92.0,1182841.0,12857.0,17.0,136057.0,8003.0,109,1318898,12100.0,4.0,12434.0,3109.0,1.0,1000.0,1000.0,5,13434,2687.0
138354,8.0,21276.0,2660.0,4.0,10883.0,2721.0,12,32159,2680.0,173.0,279707.0,1617.0,98.0,302779.0,3090.0,271,582486,2149.0
139199,19.0,227967.0,11998.0,25.0,215284.0,8611.0,44,443251,10074.0,7.0,19250.0,2750.0,22.0,49000.0,2227.0,29,68250,2353.0
139311,169.0,760591.0,4501.0,17.0,86611.0,5095.0,186,847202,4555.0,21.0,37398.0,1781.0,4.0,10000.0,2500.0,25,47398,1896.0
139366,343.0,1498071.0,4368.0,39.0,167111.0,4285.0,382,1665182,4359.0,139.0,181484.0,1306.0,52.0,77639.0,1493.0,191,259123,1357.0
139719,6.0,12496.0,2083.0,1.0,2522.0,2522.0,7,15018,2145.0,24.0,70712.0,2946.0,5.0,21051.0,4210.0,29,91763,3164.0
139755,150.0,1333395.0,8889.0,160.0,1463839.0,9149.0,310,2797234,9023.0,6.0,15120.0,2520.0,198.0,572801.0,2893.0,204,587921,2882.0
139931,792.0,3474936.0,4388.0,60.0,323580.0,5393.0,852,3798516,4458.0,111.0,166165.0,1497.0,3.0,9208.0,3069.0,114,175373,1538.0
139940,535.0,3841597.0,7181.0,92.0,1161987.0,12630.0,627,5003584,7980.0,29.0,117096.0,4038.0,5.0,10250.0,2050.0,34,127346,3745.0
139959,222.0,1572620.0,7084.0,149.0,2075439.0,13929.0,371,3648059,9833.0,3.0,9073.0,3024.0,8.0,9000.0,1125.0,11,18073,1643.0
141264,195.0,846850.0,4343.0,27.0,115645.0,4283.0,222,962495,4336.0,39.0,65101.0,1669.0,3.0,6527.0,2176.0,42,71628,1705.0
141334,294.0,777790.0,2646.0,38.0,87681.0,2307.0,332,865471,2607.0,27.0,13226.0,490.0,11.0,5606.0,510.0,38,18832,496.0
141486,123.0,1726598.0,14037.0,71.0,1118886.0,15759.0,194,2845484,14667.0,34.0,82983.0,2441.0,2.0,5500.0,2750.0,36,88483,2458.0
141574,704.0,6430576.0,9134.0,109.0,1373093.0,12597.0,813,7803669,9599.0,34.0,87250.0,2566.0,7.0,15250.0,2179.0,41,102500,2500.0
141644,486.0,9601935.0,19757.0,116.0,1708575.0,14729.0,602,11310510,18788.0,382.0,696728.0,1824.0,20.0,38500.0,1925.0,402,735228,1829.0
142115,563.0,3149999.0,5595.0,91.0,607180.0,6672.0,654,3757179,5745.0,331.0,837154.0,2529.0,22.0,73834.0,3356.0,353,910988,2581.0
142276,216.0,1483374.0,6867.0,13.0,237036.0,18234.0,229,1720410,7513.0,41.0,98994.0,2414.0,1.0,3799.0,3799.0,42,102793,2447.0
142285,161.0,1349197.0,8380.0,58.0,751673.0,12960.0,219,2100870,9593.0,18.0,64886.0,3605.0,16.0,37167.0,2323.0,34,102053,3002.0
143118,46.0,561860.0,12214.0,12.0,139149.0,11596.0,58,701009,12086.0,2.0,6667.0,3334.0,1.0,3000.0,3000.0,3,9667,3222.0
144281,70.0,1127861.0,16112.0,1.0,26808.0,26808.0,71,1154669,16263.0,13.0,15606.0,1200.0,1.0,766.0,766.0,14,16372,1169.0
144351,16.0,214747.0,13422.0,26.0,163560.0,6291.0,42,378307,9007.0,10.0,26750.0,2675.0,10.0,14250.0,1425.0,20,41000,2050.0
144740,224.0,4406222.0,19671.0,94.0,1481578.0,15761.0,318,5887800,18515.0,1.0,2000.0,2000.0,3.0,8667.0,2889.0,4,10667,2667.0
144892,43.0,249866.0,5811.0,10.0,41338.0,4134.0,53,291204,5494.0,3.0,5807.0,1936.0,1.0,750.0,750.0,4,6557,1639.0
145600,207.0,2239167.0,10817.0,74.0,1253238.0,16936.0,281,3492405,12428.0,21.0,83014.0,3953.0,4.0,9500.0,2375.0,25,92514,3701.0
145637,122.0,1617242.0,13256.0,123.0,895774.0,7283.0,245,2513016,10257.0,5.0,19250.0,3850.0,39.0,102890.0,2638.0,44,122140,2776.0
146612,111.0,1854153.0,16704.0,36.0,267307.0,7425.0,147,2121460,14432.0,129.0,245563.0,1904.0,2.0,3806.0,1903.0,131,249369,1904.0
147013,68.0,723570.0,10641.0,19.0,109344.0,5755.0,87,832914,9574.0,46.0,120550.0,2621.0,6.0,23492.0,3915.0,52,144042,2770.0
147369,15.0,92259.0,6151.0,16.0,92717.0,5795.0,31,184976,5967.0,1.0,1500.0,1500.0,1.0,750.0,750.0,2,2250,1125.0
147703,140.0,1233171.0,8808.0,48.0,448270.0,9339.0,188,1681441,8944.0,2.0,5250.0,2625.0,2.0,6500.0,3250.0,4,11750,2938.0
148654,56.0,342906.0,6123.0,36.0,141275.0,3924.0,92,484181,5263.0,14.0,25948.0,1853.0,8.0,28027.0,3503.0,22,53975,2453.0
149222,220.0,1831886.0,8327.0,43.0,372007.0,8651.0,263,2203893,8380.0,158.0,276025.0,1747.0,22.0,51426.0,2338.0,180,327451,1819.0
149772,96.0,588420.0,6129.0,14.0,50782.0,3627.0,110,639202,5811.0,12.0,30345.0,2529.0,7.0,11000.0,1571.0,19,41345,2176.0
150136,144.0,1079866.0,7499.0,92.0,576610.0,6268.0,236,1656476,7019.0,49.0,161517.0,3296.0,12.0,30756.0,2563.0,61,192273,3152.0
151111,361.0,2773980.0,7684.0,84.0,1280770.0,15247.0,445,4054750,9112.0,87.0,302000.0,3471.0,10.0,20625.0,2063.0,97,322625,3326.0
151263,38.0,759196.0,19979.0,11.0,110572.0,10052.0,49,869768,17750.0,3.0,6500.0,2167.0,1.0,4500.0,4500.0,4,11000,2750.0
151290,10.0,114096.0,11410.0,13.0,30842.0,2372.0,23,144938,6302.0,1.0,4500.0,4500.0,26.0,33000.0,1269.0,27,37500,1389.0
151306,63.0,339481.0,5389.0,28.0,142657.0,5095.0,91,482138,5298.0,33.0,99050.0,3002.0,15.0,42650.0,2843.0,48,141700,2952.0
151324,152.0,896083.0,5895.0,16.0,105135.0,6571.0,168,1001218,5960.0,102.0,260313.0,2552.0,8.0,16750.0,2094.0,110,277063,2519.0
151351,201.0,1864170.0,9274.0,202.0,3393383.0,16799.0,403,5257553,13046.0,49.0,199012.0,4061.0,31.0,65751.0,2121.0,80,264763,3310.0
151388,55.0,296673.0,5394.0,2.0,11459.0,5730.0,57,308132,5406.0,29.0,73843.0,2546.0,1.0,750.0,750.0,30,74593,2486.0
152336,23.0,480398.0,20887.0,13.0,108763.0,8366.0,36,589161,16366.0,1.0,500.0,500.0,2.0,4250.0,2125.0,3,4750,1583.0
153269,32.0,518178.0,16193.0,22.0,172541.0,7843.0,54,690719,12791.0,2.0,7000.0,3500.0,1.0,3750.0,3750.0,3,10750,3583.0
153375,36.0,422578.0,11738.0,4.0,14686.0,3672.0,40,437264,10932.0,11.0,27155.0,2469.0,1.0,1500.0,1500.0,12,28655,2388.0
153603,376.0,3075944.0,8181.0,40.0,520090.0,13002.0,416,3596034,8644.0,31.0,122125.0,3940.0,1.0,1500.0,1500.0,32,123625,3863.0
153658,263.0,2183860.0,8304.0,94.0,1249889.0,13297.0,357,3433749,9618.0,71.0,259500.0,3655.0,17.0,66345.0,3903.0,88,325845,3703.0
154022,2197.0,11738136.0,5343.0,481.0,3324154.0,6911.0,2678,15062290,5624.0,5930.0,17531731.0,2956.0,154.0,439748.0,2856.0,6084,17971479,2954.0
154095,102.0,673933.0,6607.0,6.0,38466.0,6411.0,108,712399,6596.0,28.0,89000.0,3179.0,4.0,9500.0,2375.0,32,98500,3078.0
154235,40.0,717688.0,17942.0,19.0,184002.0,9684.0,59,901690,15283.0,1.0,750.0,750.0,2.0,5250.0,2625.0,3,6000,2000.0
154350,12.0,189170.0,15764.0,1.0,7948.0,7948.0,13,197118,15163.0,2.0,5000.0,2500.0,1.0,2000.0,2000.0,3,7000,2333.0
154493,223.0,1180419.0,5293.0,55.0,350513.0,6373.0,278,1530932,5507.0,555.0,1246311.0,2246.0,79.0,214488.0,2715.0,634,1460799,2304.0
154518,197.0,862010.0,4376.0,56.0,180180.0,3218.0,253,1042190,4119.0,1009.0,2532204.0,2510.0,162.0,364204.0,2248.0,1171,2896408,2473.0
154688,28.0,382704.0,13668.0,16.0,91921.0,5745.0,44,474625,10787.0,10.0,30678.0,3068.0,44.0,114973.0,2613.0,54,145651,2697.0
155025,34.0,180993.0,5323.0,20.0,90749.0,4537.0,54,271742,5032.0,2.0,7750.0,3875.0,11.0,25453.0,2314.0,13,33203,2554.0
155061,106.0,332662.0,3138.0,28.0,95127.0,3397.0,134,427789,3192.0,86.0,197532.0,2297.0,15.0,27750.0,1850.0,101,225282,2231.0
155089,30.0,328016.0,10934.0,5.0,52593.0,10519.0,35,380609,10875.0,2.0,2250.0,1125.0,2.0,6000.0,3000.0,4,8250,2063.0
155317,358.0,3195377.0,8926.0,189.0,2308564.0,12215.0,547,5503941,10062.0,36.0,102522.0,2848.0,96.0,213160.0,2220.0,132,315682,2392.0
155399,511.0,4279894.0,8376.0,104.0,827791.0,7960.0,615,5107685,8305.0,112.0,243876.0,2177.0,45.0,93289.0,2073.0,157,337165,2148.0
155681,65.0,227519.0,3500.0,20.0,43609.0,2180.0,85,271128,3190.0,1.0,750.0,750.0,11.0,8250.0,750.0,12,9000,750.0
155900,126.0,762138.0,6049.0,24.0,137392.0,5725.0,150,899530,5997.0,621.0,1417025.0,2282.0,16.0,34500.0,2156.0,637,1451525,2279.0
156082,105.0,691838.0,6589.0,25.0,324515.0,12981.0,130,1016353,7818.0,17.0,67111.0,3948.0,2.0,6353.0,3177.0,19,73464,3867.0
156125,291.0,2158392.0,7417.0,45.0,319702.0,7104.0,336,2478094,7375.0,60.0,199568.0,3326.0,9.0,23750.0,2639.0,69,223318,3236.0
156541,40.0,176524.0,4413.0,101.0,408935.0,4049.0,141,585459,4152.0,8.0,16914.0,2114.0,23.0,45171.0,1964.0,31,62085,2003.0
156620,300.0,2463587.0,8212.0,51.0,334749.0,6564.0,351,2798336,7972.0,87.0,221571.0,2547.0,43.0,92150.0,2143.0,130,313721,2413.0
157085,415.0,3913349.0,9430.0,135.0,1625171.0,12038.0,550,5538520,10070.0,17.0,48708.0,2865.0,17.0,44000.0,2588.0,34,92708,2727.0
157289,263.0,2102033.0,7993.0,140.0,1410044.0,10072.0,403,3512077,8715.0,109.0,276125.0,2533.0,342.0,684750.0,2002.0,451,960875,2131.0
157401,144.0,865976.0,6014.0,33.0,142238.0,4310.0,177,1008214,5696.0,24.0,45185.0,1883.0,29.0,48775.0,1682.0,53,93960,1773.0
157793,154.0,1424467.0,9250.0,27.0,340696.0,12618.0,181,1765163,9752.0,57.0,76822.0,1348.0,14.0,31383.0,2242.0,71,108205,1524.0
157951,253.0,2297349.0,9080.0,32.0,263211.0,8225.0,285,2560560,8984.0,66.0,203163.0,3078.0,89.0,231050.0,2596.0,155,434213,2801.0
159009,56.0,135882.0,2426.0,11.0,12653.0,1150.0,67,148535,2217.0,5.0,14300.0,2860.0,1.0,1500.0,1500.0,6,15800,2633.0
159391,523.0,4458166.0,8524.0,195.0,1949230.0,9996.0,718,6407396,8924.0,8.0,10500.0,1313.0,13.0,36871.0,2836.0,21,47371,2256.0
159416,108.0,497153.0,4603.0,154.0,629887.0,4090.0,262,1127040,4302.0,17.0,36058.0,2121.0,137.0,314582.0,2296.0,154,350640,2277.0
159647,168.0,1433441.0,8532.0,14.0,68395.0,4885.0,182,1501836,8252.0,21.0,40667.0,1937.0,8.0,20979.0,2622.0,29,61646,2126.0
159717,77.0,432459.0,5616.0,5.0,33507.0,6701.0,82,465966,5683.0,3.0,12147.0,4049.0,2.0,5250.0,2625.0,5,17397,3479.0
160038,175.0,584468.0,3340.0,15.0,50561.0,3371.0,190,635029,3342.0,230.0,308490.0,1341.0,8.0,10630.0,1329.0,238,319120,1341.0
160612,166.0,1040629.0,6269.0,15.0,50525.0,3368.0,181,1091154,6028.0,13.0,26308.0,2024.0,19.0,28142.0,1481.0,32,54450,1702.0
160658,148.0,1200318.0,8110.0,18.0,101381.0,5632.0,166,1301699,7842.0,5.0,14509.0,2902.0,3.0,11250.0,3750.0,8,25759,3220.0
160755,49.0,870091.0,17757.0,106.0,1718888.0,16216.0,155,2588979,16703.0,1.0,4500.0,4500.0,6.0,16408.0,2735.0,7,20908,2987.0
160904,36.0,534947.0,14860.0,4.0,51130.0,12783.0,40,586077,14652.0,4.0,9967.0,2492.0,1.0,2739.0,2739.0,5,12706,2541.0
161253,134.0,1054686.0,7871.0,17.0,61021.0,3589.0,151,1115707,7389.0,43.0,193500.0,4500.0,2.0,4500.0,2250.0,45,198000,4400.0
161457,42.0,931468.0,22178.0,48.0,685222.0,14275.0,90,1616690,17963.0,1.0,3750.0,3750.0,2.0,3250.0,1625.0,3,7000,2333.0
161518,14.0,119051.0,8504.0,11.0,45119.0,4102.0,25,164170,6567.0,10.0,21000.0,2100.0,2.0,5250.0,2625.0,12,26250,2188.0
161572,372.0,1280992.0,3444.0,31.0,196168.0,6328.0,403,1477160,3665.0,74.0,145092.0,1961.0,16.0,31000.0,1938.0,90,176092,1957.0
161873,39.0,253432.0,6498.0,50.0,648466.0,12969.0,89,901898,10134.0,2.0,4749.0,2375.0,1.0,2250.0,2250.0,3,6999,2333.0
162061,15.0,298232.0,19882.0,57.0,517983.0,9087.0,72,816215,11336.0,2.0,1500.0,750.0,8.0,11250.0,1406.0,10,12750,1275.0
163204,8164.0,40992842.0,5021.0,1911.0,12039036.0,6300.0,10075,53031878,5264.0,26106.0,48292452.0,1850.0,1284.0,3384803.0,2636.0,27390,51677255,1887.0
163268,172.0,1542105.0,8966.0,35.0,288413.0,8240.0,207,1830518,8843.0,10.0,25854.0,2585.0,2.0,9000.0,4500.0,12,34854,2905.0
163286,462.0,4520934.0,9786.0,223.0,4461094.0,20005.0,685,8982028,13112.0,22.0,64635.0,2938.0,13.0,24500.0,1885.0,35,89135,2547.0
163453,164.0,531472.0,3241.0,28.0,121767.0,4349.0,192,653239,3402.0,95.0,340447.0,3584.0,25.0,85485.0,3419.0,120,425932,3549.0
163851,93.0,796171.0,8561.0,16.0,156690.0,9793.0,109,952861,8742.0,6.0,26821.0,4470.0,8.0,34800.0,4350.0,14,61621,4402.0
164076,349.0,3007720.0,8618.0,33.0,300130.0,9095.0,382,3307850,8659.0,77.0,194255.0,2523.0,15.0,25337.0,1689.0,92,219592,2387.0
164173,72.0,1638952.0,22763.0,9.0,90489.0,10054.0,81,1729441,21351.0,2.0,5250.0,2625.0,3.0,6000.0,2000.0,5,11250,2250.0
164748,192.0,2338210.0,12178.0,12.0,123898.0,10325.0,204,2462108,12069.0,57.0,123803.0,2172.0,4.0,9000.0,2250.0,61,132803,2177.0
164988,101.0,1682103.0,16654.0,167.0,2452628.0,14686.0,268,4134731,15428.0,2.0,5000.0,2500.0,16.0,41570.0,2598.0,18,46570,2587.0
165167,29.0,175174.0,6040.0,8.0,46812.0,5852.0,37,221986,6000.0,2.0,6000.0,3000.0,3.0,11000.0,3667.0,5,17000,3400.0
165699,47.0,869535.0,18501.0,17.0,154794.0,9106.0,64,1024329,16005.0,11.0,16000.0,1455.0,6.0,20709.0,3452.0,17,36709,2159.0
165820,48.0,351272.0,7318.0,21.0,110100.0,5243.0,69,461372,6687.0,32.0,107597.0,3362.0,33.0,48320.0,1464.0,65,155917,2399.0
166027,90.0,1944430.0,21605.0,357.0,7696778.0,21560.0,447,9641208,21569.0,14.0,40640.0,2903.0,41.0,87500.0,2134.0,55,128140,2330.0
166513,199.0,2250606.0,11310.0,59.0,406710.0,6893.0,258,2657316,10300.0,14.0,32750.0,2339.0,17.0,32500.0,1912.0,31,65250,2105.0
166629,174.0,2133474.0,12261.0,73.0,584906.0,8012.0,247,2718380,11006.0,5.0,7000.0,1400.0,10.0,29750.0,2975.0,15,36750,2450.0
166638,470.0,3152075.0,6707.0,63.0,369274.0,5861.0,533,3521349,6607.0,2.0,2250.0,1125.0,7.0,22022.0,3146.0,9,24272,2697.0
167899,10.0,178547.0,17855.0,10.0,208220.0,20822.0,20,386767,19338.0,1.0,3875.0,3875.0,1.0,3000.0,3000.0,2,6875,3438.0
167987,54.0,619170.0,11466.0,24.0,352773.0,14699.0,78,971943,12461.0,1.0,4500.0,4500.0,3.0,9750.0,3250.0,4,14250,3563.0
168148,25.0,931275.0,37251.0,98.0,2623588.0,26771.0,123,3554863,28901.0,1.0,3500.0,3500.0,3.0,6000.0,2000.0,4,9500,2375.0
168847,109.0,732825.0,6723.0,9.0,77927.0,8659.0,118,810752,6871.0,40.0,96000.0,2400.0,2.0,4500.0,2250.0,42,100500,2393.0
169248,135.0,1145992.0,8489.0,198.0,1330908.0,6722.0,333,2476900,7438.0,57.0,148125.0,2599.0,167.0,444104.0,2659.0,224,592229,2644.0
169479,145.0,1984673.0,13687.0,21.0,196827.0,9373.0,166,2181500,13142.0,37.0,101258.0,2737.0,5.0,8500.0,1700.0,42,109758,2613.0
169798,187.0,2328894.0,12454.0,37.0,492147.0,13301.0,224,2821041,12594.0,63.0,106575.0,1692.0,2.0,3296.0,1648.0,65,109871,1690.0
169910,148.0,1468428.0,9922.0,13.0,218710.0,16824.0,161,1687138,10479.0,57.0,202750.0,3557.0,4.0,14250.0,3563.0,61,217000,3557.0
170000,62.0,178242.0,2875.0,2.0,4185.0,2093.0,64,182427,2850.0,10.0,24250.0,2425.0,1.0,750.0,750.0,11,25000,2273.0
170037,15.0,121271.0,8085.0,4.0,37445.0,9361.0,19,158716,8353.0,4.0,13000.0,3250.0,1.0,3750.0,3750.0,5,16750,3350.0
170082,220.0,4341579.0,19734.0,29.0,483236.0,16663.0,249,4824815,19377.0,46.0,173375.0,3769.0,2.0,4250.0,2125.0,48,177625,3701.0
170976,197.0,3101950.0,15746.0,181.0,6755865.0,37325.0,378,9857815,26079.0,8.0,30250.0,3781.0,6.0,10000.0,1667.0,14,40250,2875.0
171100,274.0,3351586.0,12232.0,153.0,2323152.0,15184.0,427,5674738,13290.0,49.0,147280.0,3006.0,27.0,82250.0,3046.0,76,229530,3020.0
171137,46.0,582772.0,12669.0,24.0,231281.0,9637.0,70,814053,11629.0,3.0,10000.0,3333.0,3.0,6750.0,2250.0,6,16750,2792.0
171146,85.0,775801.0,9127.0,21.0,273282.0,13013.0,106,1049083,9897.0,18.0,67100.0,3728.0,2.0,4500.0,2250.0,20,71600,3580.0
171456,105.0,1001182.0,9535.0,5.0,12871.0,2574.0,110,1014053,9219.0,53.0,180940.0,3414.0,2.0,6500.0,3250.0,55,187440,3408.0
171492,56.0,409646.0,7315.0,19.0,232260.0,12224.0,75,641906,8559.0,63.0,275091.0,4367.0,3.0,8250.0,2750.0,66,283341,4293.0
172644,160.0,1516297.0,9477.0,43.0,508055.0,11815.0,203,2024352,9972.0,59.0,208357.0,3531.0,10.0,24009.0,2401.0,69,232366,3368.0
172699,237.0,3008576.0,12694.0,31.0,273052.0,8808.0,268,3281628,12245.0,57.0,224000.0,3930.0,6.0,15250.0,2542.0,63,239250,3798.0
173045,14.0,244543.0,17467.0,20.0,220678.0,11034.0,34,465221,13683.0,1.0,4000.0,4000.0,1.0,3000.0,3000.0,2,7000,3500.0
173160,38.0,941010.0,24763.0,24.0,359442.0,14977.0,62,1300452,20975.0,15.0,55000.0,3667.0,9.0,28875.0,3208.0,24,83875,3495.0
173328,102.0,1363299.0,13366.0,36.0,218157.0,6060.0,138,1581456,11460.0,12.0,30500.0,2542.0,1.0,750.0,750.0,13,31250,2404.0
173665,24.0,508075.0,21170.0,17.0,142680.0,8393.0,41,650755,15872.0,2.0,8000.0,4000.0,1.0,2000.0,2000.0,3,10000,3333.0
173920,132.0,893855.0,6772.0,20.0,126442.0,6322.0,152,1020297,6712.0,59.0,182068.0,3086.0,1.0,1500.0,1500.0,60,183568,3059.0
174066,298.0,3559250.0,11944.0,136.0,3178410.0,23371.0,434,6737660,15525.0,7.0,17000.0,2429.0,4.0,10261.0,2565.0,11,27261,2478.0
174783,112.0,761214.0,6797.0,12.0,90177.0,7515.0,124,851391,6866.0,51.0,164110.0,3218.0,5.0,14724.0,2945.0,56,178834,3193.0
174817,9.0,47924.0,5325.0,47.0,298763.0,6357.0,56,346687,6191.0,2.0,3000.0,1500.0,12.0,44300.0,3692.0,14,47300,3379.0
174862,17.0,166755.0,9809.0,10.0,85718.0,8572.0,27,252473,9351.0,4.0,11000.0,2750.0,3.0,9500.0,3167.0,7,20500,2929.0
174899,36.0,416968.0,11582.0,19.0,227992.0,12000.0,55,644960,11727.0,8.0,17800.0,2225.0,4.0,5000.0,1250.0,12,22800,1900.0
174914,57.0,1278441.0,22429.0,39.0,437356.0,11214.0,96,1715797,17873.0,14.0,50125.0,3580.0,2.0,2125.0,1063.0,16,52250,3266.0
175272,49.0,335805.0,6853.0,10.0,72042.0,7204.0,59,407847,6913.0,12.0,46000.0,3833.0,1.0,4500.0,4500.0,13,50500,3885.0
175421,58.0,621873.0,10722.0,50.0,328460.0,6569.0,108,950333,8799.0,12.0,26500.0,2208.0,17.0,32750.0,1926.0,29,59250,2043.0
175616,27.0,186717.0,6915.0,18.0,67414.0,3745.0,45,254131,5647.0,27.0,53330.0,1975.0,6.0,16750.0,2792.0,33,70080,2124.0
176017,283.0,2140830.0,7565.0,39.0,490765.0,12584.0,322,2631595,8173.0,24.0,87750.0,3656.0,2.0,4750.0,2375.0,26,92500,3558.0
176035,33.0,183096.0,5548.0,7.0,35686.0,5098.0,40,218782,5470.0,6.0,26750.0,4458.0,1.0,1500.0,1500.0,7,28250,4036.0
176053,49.0,556224.0,11352.0,19.0,429286.0,22594.0,68,985510,14493.0,37.0,50537.0,1366.0,23.0,5061.0,220.0,60,55598,927.0
176080,412.0,3414490.0,8288.0,60.0,470123.0,7835.0,472,3884613,8230.0,196.0,843250.0,4302.0,39.0,74044.0,1899.0,235,917294,3903.0
176372,394.0,2645474.0,6714.0,67.0,346948.0,5178.0,461,2992422,6491.0,175.0,648067.0,3703.0,12.0,32250.0,2688.0,187,680317,3638.0
176479,80.0,522229.0,6528.0,23.0,202319.0,8796.0,103,724548,7034.0,8.0,22250.0,2781.0,2.0,7841.0,3921.0,10,30091,3009.0
176965,695.0,1300303.0,1871.0,105.0,154030.0,1467.0,800,1454333,1818.0,557.0,1216122.0,2183.0,65.0,74683.0,1149.0,622,1290805,2075.0
177065,1098.0,6482949.0,5904.0,75.0,345646.0,4609.0,1173,6828595,5821.0,1734.0,3455480.0,1993.0,30.0,65250.0,2175.0,1764,3520730,1996.0
177214,16.0,232651.0,14541.0,24.0,144088.0,6004.0,40,376739,9418.0,1.0,4500.0,4500.0,11.0,25500.0,2318.0,12,30000,2500.0
177339,19.0,345091.0,18163.0,10.0,67146.0,6715.0,29,412237,14215.0,1.0,4000.0,4000.0,2.0,3000.0,1500.0,3,7000,2333.0
177940,59.0,326308.0,5531.0,5.0,24279.0,4856.0,64,350587,5478.0,13.0,36580.0,2814.0,1.0,1500.0,1500.0,14,38080,2720.0
177986,15.0,62096.0,4140.0,31.0,381465.0,12305.0,46,443561,9643.0,31.0,83675.0,2699.0,4.0,7750.0,1938.0,35,91425,2612.0
178059,263.0,2602440.0,9895.0,115.0,1384839.0,12042.0,378,3987279,10548.0,50.0,111750.0,2235.0,22.0,56700.0,2577.0,72,168450,2340.0
178208,19.0,133533.0,7028.0,44.0,122266.0,2779.0,63,255799,4060.0,5.0,4500.0,900.0,5.0,3750.0,750.0,10,8250,825.0
178341,66.0,320289.0,4853.0,1.0,6000.0,6000.0,67,326289,4870.0,33.0,95825.0,2904.0,2.0,5350.0,2675.0,35,101175,2891.0
178387,59.0,339870.0,5761.0,2.0,12629.0,6315.0,61,352499,5779.0,6.0,23475.0,3913.0,2.0,4250.0,2125.0,8,27725,3466.0
178396,267.0,2667843.0,9992.0,81.0,925022.0,11420.0,348,3592865,10324.0,90.0,316232.0,3514.0,40.0,70581.0,1765.0,130,386813,2975.0
178402,153.0,873018.0,5706.0,51.0,442894.0,8684.0,204,1315912,6451.0,34.0,114790.0,3376.0,2.0,7250.0,3625.0,36,122040,3390.0
178411,107.0,1204863.0,11260.0,57.0,414802.0,7277.0,164,1619665,9876.0,29.0,121850.0,4202.0,198.0,709981.0,3586.0,227,831831,3664.0
178420,154.0,1294436.0,8405.0,22.0,167691.0,7622.0,176,1462127,8308.0,18.0,35500.0,1972.0,1.0,250.0,250.0,19,35750,1882.0
178721,1564.0,8075869.0,5164.0,319.0,1523160.0,4775.0,1883,9599029,5098.0,3696.0,8308793.0,2248.0,186.0,376053.0,2022.0,3882,8684846,2237.0
179043,17.0,144157.0,8480.0,11.0,153866.0,13988.0,28,298023,10644.0,2.0,7750.0,3875.0,2.0,2875.0,1438.0,4,10625,2656.0
179159,170.0,2076489.0,12215.0,65.0,933166.0,14356.0,235,3009655,12807.0,26.0,54250.0,2087.0,6.0,13250.0,2208.0,32,67500,2109.0
179557,93.0,590115.0,6345.0,6.0,35020.0,5837.0,99,625135,6314.0,73.0,268154.0,3673.0,3.0,3813.0,1271.0,76,271967,3579.0
179566,192.0,1248179.0,6501.0,48.0,293459.0,6114.0,240,1541638,6423.0,56.0,245298.0,4380.0,27.0,49518.0,1834.0,83,294816,3552.0
179894,137.0,1630422.0,11901.0,1099.0,5473501.0,4980.0,1236,7103923,5748.0,64.0,144250.0,2254.0,198.0,564746.0,2852.0,262,708996,2706.0
179964,9.0,133070.0,14786.0,3.0,17725.0,5908.0,12,150795,12566.0,12.0,47750.0,3979.0,2.0,7750.0,3875.0,14,55500,3964.0
180179,97.0,381817.0,3936.0,5.0,15059.0,3012.0,102,396876,3891.0,3.0,5685.0,1895.0,2.0,7384.0,3692.0,5,13069,2614.0
180258,30.0,481931.0,16064.0,3.0,53212.0,17737.0,33,535143,16216.0,7.0,13000.0,1857.0,1.0,2250.0,2250.0,8,15250,1906.0
180461,396.0,2511307.0,6342.0,27.0,134932.0,4997.0,423,2646239,6256.0,4.0,10777.0,2694.0,2.0,6000.0,3000.0,6,16777,2796.0
180814,573.0,4175079.0,7286.0,211.0,1480339.0,7016.0,784,5655418,7214.0,445.0,884384.0,1987.0,98.0,188524.0,1924.0,543,1072908,1976.0
180948,19.0,96681.0,5088.0,7.0,23316.0,3331.0,26,119997,4615.0,6.0,21452.0,3575.0,3.0,7500.0,2500.0,9,28952,3217.0
180984,16.0,208818.0,13051.0,4.0,16165.0,4041.0,20,224983,11249.0,4.0,13375.0,3344.0,1.0,750.0,750.0,5,14125,2825.0
181002,79.0,1560271.0,19750.0,119.0,1763463.0,14819.0,198,3323734,16787.0,4.0,14869.0,3717.0,6.0,23118.0,3853.0,10,37987,3799.0
181215,54.0,250929.0,4647.0,16.0,57108.0,3569.0,70,308037,4401.0,25.0,67837.0,2713.0,8.0,12750.0,1594.0,33,80587,2442.0
181394,413.0,2728286.0,6606.0,33.0,200126.0,6064.0,446,2928412,6566.0,202.0,552302.0,2734.0,15.0,27012.0,1801.0,217,579314,2670.0
181428,9.0,129640.0,14404.0,17.0,249999.0,14706.0,26,379639,14602.0,1.0,1750.0,1750.0,2.0,6750.0,3375.0,3,8500,2833.0
181464,267.0,2197779.0,8231.0,49.0,319154.0,6513.0,316,2516933,7965.0,80.0,282686.0,3534.0,49.0,130612.0,2666.0,129,413298,3204.0
181783,24.0,144257.0,6011.0,5.0,15383.0,3077.0,29,159640,5505.0,9.0,24536.0,2726.0,1.0,1918.0,1918.0,10,26454,2645.0
182281,807.0,5236153.0,6488.0,108.0,1213440.0,11236.0,915,6449593,7049.0,88.0,181032.0,2057.0,5.0,6233.0,1247.0,93,187265,2014.0
182290,326.0,1907620.0,5852.0,59.0,452039.0,7662.0,385,2359659,6129.0,6.0,14525.0,2421.0,6.0,18861.0,3144.0,12,33386,2782.0
182980,21.0,241756.0,11512.0,8.0,49002.0,6125.0,29,290758,10026.0,39.0,105547.0,2706.0,36.0,104626.0,2906.0,75,210173,2802.0
183026,9293.0,42299663.0,4552.0,1898.0,10647349.0,5610.0,11191,52947012,4731.0,7716.0,15753408.0,2042.0,724.0,1611707.0,2226.0,8440,17365115,2057.0
183044,179.0,2872157.0,16046.0,44.0,538271.0,12233.0,223,3410428,15293.0,22.0,77000.0,3500.0,10.0,23381.0,2338.0,32,100381,3137.0
183257,86.0,478878.0,5568.0,8.0,31989.0,3999.0,94,510867,5435.0,166.0,440189.0,2652.0,12.0,16524.0,1377.0,178,456713,2566.0
183789,36.0,578859.0,16079.0,7.0,111739.0,15963.0,43,690598,16060.0,21.0,40850.0,1945.0,3.0,13010.0,4337.0,24,53860,2244.0
184603,27.0,690922.0,25590.0,37.0,283818.0,7671.0,64,974740,15230.0,7.0,21225.0,3032.0,6.0,26000.0,4333.0,13,47225,3633.0
185129,71.0,676680.0,9531.0,16.0,112605.0,7038.0,87,789285,9072.0,2.0,3750.0,1875.0,2.0,3000.0,1500.0,4,6750,1688.0
185262,170.0,956244.0,5625.0,11.0,97007.0,8819.0,181,1053251,5819.0,8.0,24000.0,3000.0,2.0,4500.0,2250.0,10,28500,2850.0
185590,156.0,1627705.0,10434.0,27.0,294561.0,10910.0,183,1922266,10504.0,3.0,4034.0,1345.0,1.0,4500.0,4500.0,4,8534,2134.0
185828,91.0,530229.0,5827.0,26.0,204677.0,7872.0,117,734906,6281.0,8.0,17750.0,2219.0,6.0,16488.0,2748.0,14,34238,2446.0
187046,846.0,3678219.0,4348.0,118.0,814496.0,6903.0,964,4492715,4660.0,2067.0,4034124.0,1952.0,41.0,93825.0,2288.0,2108,4127949,1958.0
187444,65.0,609452.0,9376.0,15.0,113848.0,7590.0,80,723300,9041.0,3.0,8750.0,2917.0,1.0,750.0,750.0,4,9500,2375.0
187648,82.0,377729.0,4606.0,19.0,47696.0,2510.0,101,425425,4212.0,79.0,185898.0,2353.0,16.0,20858.0,1304.0,95,206756,2176.0
187897,15.0,71170.0,4745.0,17.0,87146.0,5126.0,32,158316,4947.0,2.0,6876.0,3438.0,5.0,13338.0,2668.0,7,20214,2888.0
188030,240.0,1372079.0,5717.0,34.0,156269.0,4596.0,274,1528348,5578.0,170.0,466371.0,2743.0,40.0,123273.0,3082.0,210,589644,2808.0
188304,20.0,117035.0,5852.0,24.0,193647.0,8069.0,44,310682,7061.0,6.0,12349.0,2058.0,6.0,11458.0,1910.0,12,23807,1984.0
189705,20.0,290973.0,14549.0,14.0,149460.0,10676.0,34,440433,12954.0,1.0,4500.0,4500.0,1.0,2250.0,2250.0,2,6750,3375.0
190150,228.0,5758932.0,25258.0,204.0,4443358.0,21781.0,432,10202290,23616.0,2.0,8750.0,4375.0,5.0,14875.0,2975.0,7,23625,3375.0
190512,82.0,459281.0,5601.0,32.0,274447.0,8576.0,114,733728,6436.0,15.0,67500.0,4500.0,2.0,9000.0,4500.0,17,76500,4500.0
190576,16.0,76135.0,4758.0,14.0,75699.0,5407.0,30,151834,5061.0,13.0,24896.0,1915.0,6.0,11604.0,1934.0,19,36500,1921.0
190600,266.0,1413025.0,5312.0,69.0,448463.0,6499.0,335,1861488,5557.0,67.0,196002.0,2925.0,38.0,59630.0,1569.0,105,255632,2435.0
190716,8.0,79348.0,9919.0,3.0,25238.0,8413.0,11,104586,9508.0,2.0,5000.0,2500.0,1.0,2750.0,2750.0,3,7750,2583.0
191241,163.0,3895708.0,23900.0,113.0,3161103.0,27974.0,276,7056811,25568.0,2.0,7750.0,3875.0,2.0,4500.0,2250.0,4,12250,3063.0
193353,27.0,414705.0,15359.0,7.0,71316.0,10188.0,34,486021,14295.0,2.0,6250.0,3125.0,3.0,6000.0,2000.0,5,12250,2450.0
193900,203.0,4657890.0,22945.0,277.0,5665192.0,20452.0,480,10323082,21506.0,1.0,1000.0,1000.0,8.0,6000.0,750.0,9,7000,778.0
194310,153.0,5997432.0,39199.0,95.0,1297634.0,13659.0,248,7295066,29416.0,3.0,2250.0,750.0,4.0,3750.0,938.0,7,6000,857.0
196060,94.0,696703.0,7412.0,26.0,188976.0,7268.0,120,885679,7381.0,4.0,9630.0,2408.0,1.0,3391.0,3391.0,5,13021,2604.0
196079,37.0,273056.0,7380.0,9.0,72660.0,8073.0,46,345716,7516.0,2.0,6210.0,3105.0,2.0,1000.0,500.0,4,7210,1803.0
196097,106.0,1088639.0,10270.0,33.0,498607.0,15109.0,139,1587246,11419.0,10.0,29285.0,2929.0,4.0,11500.0,2875.0,14,40785,2913.0
196264,126.0,438734.0,3482.0,16.0,75863.0,4741.0,142,514597,3624.0,131.0,292538.0,2233.0,5.0,9375.0,1875.0,136,301913,2220.0
196413,233.0,6993964.0,30017.0,434.0,8817965.0,20318.0,667,15811929,23706.0,65.0,188750.0,2904.0,45.0,111750.0,2483.0,110,300500,2732.0
196680,1326.0,6436312.0,4854.0,323.0,1634496.0,5060.0,1649,8070808,4894.0,3520.0,7554175.0,2146.0,525.0,1312708.0,2500.0,4045,8866883,2192.0
197045,72.0,875184.0,12155.0,27.0,209534.0,7761.0,99,1084718,10957.0,4.0,14250.0,3563.0,8.0,8500.0,1063.0,12,22750,1896.0
197869,403.0,2754639.0,6835.0,21.0,109990.0,5238.0,424,2864629,6756.0,8.0,16655.0,2082.0,1.0,1461.0,1461.0,9,18116,2013.0
198464,650.0,3975236.0,6116.0,104.0,551393.0,5302.0,754,4526629,6003.0,77.0,212398.0,2758.0,49.0,165302.0,3374.0,126,377700,2998.0
198543,359.0,1440276.0,4012.0,65.0,253315.0,3897.0,424,1693591,3994.0,291.0,419859.0,1443.0,75.0,140354.0,1871.0,366,560213,1531.0
198969,191.0,3239349.0,16960.0,25.0,281163.0,11247.0,216,3520512,16299.0,71.0,169250.0,2384.0,3.0,4500.0,1500.0,74,173750,2348.0
199069,43.0,652453.0,15173.0,8.0,122239.0,15280.0,51,774692,15190.0,94.0,192600.0,2049.0,1.0,4500.0,4500.0,95,197100,2075.0
199102,262.0,1622949.0,6194.0,12.0,51968.0,4331.0,274,1674917,6113.0,14.0,33788.0,2413.0,4.0,9796.0,2449.0,18,43584,2421.0
199120,231.0,1921834.0,8320.0,567.0,19020593.0,33546.0,798,20942427,26244.0,2.0,1199.0,600.0,5.0,15750.0,3150.0,7,16949,2421.0
199139,516.0,5058136.0,9803.0,77.0,892612.0,11592.0,593,5950748,10035.0,41.0,73532.0,1793.0,2.0,2788.0,1394.0,43,76320,1775.0
199148,268.0,1769369.0,6602.0,26.0,143437.0,5517.0,294,1912806,6506.0,23.0,49511.0,2153.0,2.0,2434.0,1217.0,25,51945,2078.0
199157,188.0,507399.0,2699.0,42.0,221094.0,5264.0,230,728493,3167.0,18.0,48500.0,2694.0,2.0,4500.0,2250.0,20,53000,2650.0
199193,412.0,3354172.0,8141.0,163.0,1672249.0,10259.0,575,5026421,8742.0,7.0,17326.0,2475.0,22.0,73877.0,3358.0,29,91203,3145.0
199218,572.0,3344863.0,5848.0,111.0,664075.0,5983.0,683,4008938,5870.0,23.0,54119.0,2353.0,47.0,105507.0,2245.0,70,159626,2280.0
199281,225.0,398945.0,1773.0,105.0,197400.0,1880.0,330,596345,1807.0,55.0,5824.0,106.0,33.0,37500.0,1136.0,88,43324,492.0
200004,122.0,385562.0,3160.0,32.0,143997.0,4500.0,154,529559,3439.0,33.0,39753.0,1205.0,40.0,81015.0,2025.0,73,120768,1654.0
200217,58.0,650889.0,11222.0,32.0,267386.0,8356.0,90,918275,10203.0,28.0,59900.0,2139.0,56.0,102750.0,1835.0,84,162650,1936.0
200253,114.0,647646.0,5681.0,4.0,20527.0,5132.0,118,668173,5662.0,154.0,222127.0,1442.0,1.0,1500.0,1500.0,155,223627,1443.0
200280,368.0,3437142.0,9340.0,73.0,657335.0,9005.0,441,4094477,9285.0,188.0,498878.0,2654.0,37.0,82010.0,2216.0,225,580888,2582.0
200332,155.0,1105059.0,7129.0,15.0,101267.0,6751.0,170,1206326,7096.0,100.0,384053.0,3841.0,7.0,22311.0,3187.0,107,406364,3798.0
201441,206.0,1557635.0,7561.0,51.0,294814.0,5781.0,257,1852449,7208.0,128.0,326600.0,2552.0,16.0,60872.0,3805.0,144,387472,2691.0
201885,358.0,2860715.0,7991.0,160.0,1605764.0,10036.0,518,4466479,8623.0,95.0,385769.0,4061.0,14.0,50000.0,3571.0,109,435769,3998.0
201964,29.0,218263.0,7526.0,17.0,110920.0,6525.0,46,329183,7156.0,11.0,29750.0,2705.0,4.0,10750.0,2688.0,15,40500,2700.0
202134,151.0,1325950.0,8781.0,35.0,362947.0,10370.0,186,1688897,9080.0,28.0,106565.0,3806.0,4.0,5250.0,1313.0,32,111815,3494.0
202806,181.0,1557785.0,8607.0,79.0,696729.0,8819.0,260,2254514,8671.0,53.0,170099.0,3209.0,14.0,60248.0,4303.0,67,230347,3438.0
203517,517.0,4872593.0,9425.0,82.0,715558.0,8726.0,599,5588151,9329.0,53.0,171220.0,3231.0,16.0,35938.0,2246.0,69,207158,3002.0
204617,22.0,226827.0,10310.0,10.0,108797.0,10880.0,32,335624,10488.0,2.0,7000.0,3500.0,1.0,2500.0,2500.0,3,9500,3167.0
204796,686.0,6954269.0,10137.0,113.0,2706403.0,23950.0,799,9660672,12091.0,41.0,141770.0,3458.0,6.0,11375.0,1896.0,47,153145,3258.0
204857,196.0,1561562.0,7967.0,106.0,1012780.0,9555.0,302,2574342,8524.0,88.0,319793.0,3634.0,20.0,40500.0,2025.0,108,360293,3336.0
204936,24.0,602354.0,25098.0,3.0,38487.0,12829.0,27,640841,23735.0,3.0,5000.0,1667.0,1.0,3750.0,3750.0,4,8750,2188.0
205443,42.0,313205.0,7457.0,3.0,19877.0,6626.0,45,333082,7402.0,3.0,12000.0,4000.0,1.0,4500.0,4500.0,4,16500,4125.0
206048,31.0,431858.0,13931.0,32.0,194205.0,6069.0,63,626063,9938.0,8.0,25500.0,3188.0,8.0,19833.0,2479.0,16,45333,2833.0
206084,197.0,1656977.0,8411.0,26.0,288206.0,11085.0,223,1945183,8723.0,27.0,86839.0,3216.0,4.0,15876.0,3969.0,31,102715,3313.0
206604,278.0,2005684.0,7215.0,63.0,712899.0,11316.0,341,2718583,7972.0,56.0,145625.0,2600.0,12.0,21500.0,1792.0,68,167125,2458.0
206695,116.0,782517.0,6746.0,33.0,171031.0,5183.0,149,953548,6400.0,32.0,104506.0,3266.0,5.0,6000.0,1200.0,37,110506,2987.0
206862,76.0,526884.0,6933.0,43.0,346860.0,8067.0,119,873744,7342.0,21.0,54650.0,2602.0,16.0,40683.0,2543.0,37,95333,2577.0
206914,227.0,1004753.0,4426.0,10.0,29474.0,2947.0,237,1034227,4364.0,78.0,113615.0,1457.0,14.0,27687.0,1978.0,92,141302,1536.0
206941,281.0,1687228.0,6004.0,23.0,99425.0,4323.0,304,1786653,5877.0,190.0,853590.0,4493.0,10.0,25164.0,2516.0,200,878754,4394.0
207263,84.0,395819.0,4712.0,16.0,80249.0,5016.0,100,476068,4761.0,4.0,7195.0,1799.0,2.0,5250.0,2625.0,6,12445,2074.0
207388,413.0,4056824.0,9823.0,70.0,384497.0,5493.0,483,4441321,9195.0,17.0,36935.0,2173.0,85.0,291636.0,3431.0,102,328571,3221.0
207500,646.0,5771789.0,8935.0,293.0,2788678.0,9518.0,939,8560467,9117.0,69.0,131427.0,1905.0,353.0,974693.0,2761.0,422,1106120,2621.0
207661,50.0,253831.0,5077.0,3.0,10317.0,3439.0,53,264148,4984.0,2.0,2406.0,1203.0,1.0,750.0,750.0,3,3156,1052.0
207847,80.0,424582.0,5307.0,40.0,163947.0,4099.0,120,588529,4904.0,78.0,294066.0,3770.0,96.0,330643.0,3444.0,174,624709,3590.0
209542,988.0,8451329.0,8554.0,94.0,879505.0,9356.0,1082,9330834,8624.0,329.0,808071.0,2456.0,38.0,101306.0,2666.0,367,909377,2478.0
209551,257.0,3020275.0,11752.0,37.0,942883.0,25483.0,294,3963158,13480.0,20.0,74585.0,3729.0,1.0,2310.0,2310.0,21,76895,3662.0
209807,464.0,4414665.0,9514.0,101.0,1190405.0,11786.0,565,5605070,9920.0,53.0,220546.0,4161.0,3.0,8845.0,2948.0,56,229391,4096.0
210429,75.0,500603.0,6675.0,8.0,63946.0,7993.0,83,564549,6802.0,7.0,26535.0,3791.0,2.0,1980.0,990.0,9,28515,3168.0
211981,34.0,512253.0,15066.0,6.0,56427.0,9405.0,40,568680,14217.0,1.0,2500.0,2500.0,11.0,13500.0,1227.0,12,16000,1333.0
212054,276.0,8296180.0,30059.0,240.0,4061788.0,16924.0,516,12357968,23950.0,1.0,1485.0,1485.0,3.0,3135.0,1045.0,4,4620,1155.0
212106,85.0,1911211.0,22485.0,46.0,710768.0,15451.0,131,2621979,20015.0,2.0,3250.0,1625.0,4.0,11250.0,2813.0,6,14500,2417.0
212115,63.0,442983.0,7031.0,3.0,39577.0,13192.0,66,482560,7312.0,9.0,30608.0,3401.0,1.0,3913.0,3913.0,10,34521,3452.0
212984,4.0,65465.0,16366.0,1.0,3402.0,3402.0,5,68867,13773.0,22.0,75192.0,3418.0,2.0,9000.0,4500.0,24,84192,3508.0
213367,15.0,231784.0,15452.0,9.0,93775.0,10419.0,24,325559,13565.0,3.0,6750.0,2250.0,2.0,2750.0,1375.0,5,9500,1900.0
213987,57.0,997491.0,17500.0,19.0,161118.0,8480.0,76,1158609,15245.0,5.0,11750.0,2350.0,3.0,13500.0,4500.0,8,25250,3156.0
214041,87.0,685842.0,7883.0,9.0,40118.0,4458.0,96,725960,7562.0,13.0,41625.0,3202.0,3.0,4500.0,1500.0,16,46125,2883.0
214713,148.0,2006604.0,13558.0,16.0,157394.0,9837.0,164,2163998,13195.0,9.0,40500.0,4500.0,4.0,7500.0,1875.0,13,48000,3692.0
214777,624.0,10701406.0,17150.0,44.0,1306452.0,29692.0,668,12007858,17976.0,18.0,78000.0,4333.0,2.0,5750.0,2875.0,20,83750,4188.0
215293,266.0,4656364.0,17505.0,65.0,1617777.0,24889.0,331,6274141,18955.0,2.0,7375.0,3688.0,2.0,5000.0,2500.0,4,12375,3094.0
215442,58.0,1077763.0,18582.0,7.0,62486.0,8927.0,65,1140249,17542.0,1.0,3750.0,3750.0,1.0,3250.0,3250.0,2,7000,3500.0
215655,75.0,1514216.0,20190.0,27.0,344661.0,12765.0,102,1858877,18224.0,10.0,18000.0,1800.0,2.0,3000.0,1500.0,12,21000,1750.0
215770,14.0,278943.0,19925.0,46.0,523975.0,11391.0,60,802918,13382.0,1.0,750.0,750.0,4.0,10000.0,2500.0,5,10750,2150.0
215947,18.0,447475.0,24860.0,7.0,97953.0,13993.0,25,545428,21817.0,2.0,3500.0,1750.0,1.0,4250.0,4250.0,3,7750,2583.0
216038,109.0,916006.0,8404.0,14.0,124996.0,8928.0,123,1041002,8463.0,24.0,108000.0,4500.0,3.0,6750.0,2250.0,27,114750,4250.0
216339,256.0,4222901.0,16496.0,72.0,1322117.0,18363.0,328,5545018,16906.0,11.0,42500.0,3864.0,4.0,11750.0,2938.0,15,54250,3617.0
216764,137.0,1126356.0,8222.0,26.0,255205.0,9816.0,163,1381561,8476.0,31.0,92750.0,2992.0,2.0,1500.0,750.0,33,94250,2856.0
217484,139.0,1620576.0,11659.0,17.0,136477.0,8028.0,156,1757053,11263.0,3.0,6220.0,2073.0,1.0,1500.0,1500.0,4,7720,1930.0
217518,27.0,368993.0,13666.0,5.0,50850.0,10170.0,32,419843,13120.0,130.0,303108.0,2332.0,1.0,3000.0,3000.0,131,306108,2337.0
217633,47.0,927852.0,19742.0,19.0,164894.0,8679.0,66,1092746,16557.0,4.0,5500.0,1375.0,5.0,6000.0,1200.0,9,11500,1278.0
217688,244.0,3730872.0,15290.0,59.0,346901.0,5880.0,303,4077773,13458.0,25.0,60375.0,2415.0,23.0,50300.0,2187.0,48,110675,2306.0
217864,275.0,3353641.0,12195.0,113.0,863578.0,7642.0,388,4217219,10869.0,23.0,65660.0,2855.0,22.0,61439.0,2793.0,45,127099,2824.0
217882,427.0,6256829.0,14653.0,81.0,997403.0,12314.0,508,7254232,14280.0,15.0,60500.0,4033.0,23.0,80006.0,3479.0,38,140506,3698.0
217925,16.0,220284.0,13768.0,35.0,186606.0,5332.0,51,406890,7978.0,5.0,14953.0,2991.0,10.0,18000.0,1800.0,15,32953,2197.0
218229,53.0,441285.0,8326.0,2.0,9504.0,4752.0,55,450789,8196.0,28.0,112125.0,4004.0,4.0,17500.0,4375.0,32,129625,4051.0
218238,78.0,781895.0,10024.0,9.0,61583.0,6843.0,87,843478,9695.0,58.0,153363.0,2644.0,2.0,1743.0,872.0,60,155106,2585.0
218645,84.0,646814.0,7700.0,21.0,129135.0,6149.0,105,775949,7390.0,23.0,69250.0,3011.0,9.0,34750.0,3861.0,32,104000,3250.0
219046,70.0,457426.0,6535.0,5.0,12632.0,2526.0,75,470058,6267.0,7.0,18500.0,2643.0,5.0,12000.0,2400.0,12,30500,2542.0
219082,80.0,471219.0,5890.0,21.0,112552.0,5360.0,101,583771,5780.0,77.0,243700.0,3165.0,15.0,28411.0,1894.0,92,272111,2958.0
219204,166.0,616154.0,3712.0,69.0,380974.0,5521.0,235,997128,4243.0,189.0,383857.0,2031.0,39.0,72265.0,1853.0,228,456122,2001.0
219347,74.0,600745.0,8118.0,4.0,26842.0,6711.0,78,627587,8046.0,18.0,46212.0,2567.0,6.0,6000.0,1000.0,24,52212,2176.0
219356,165.0,1096670.0,6646.0,12.0,34247.0,2854.0,177,1130917,6389.0,52.0,180250.0,3466.0,7.0,13750.0,1964.0,59,194000,3288.0
219383,33.0,212258.0,6432.0,3.0,2133.0,711.0,36,214391,5955.0,5.0,19750.0,3950.0,1.0,3000.0,3000.0,6,22750,3792.0
219471,108.0,687963.0,6370.0,37.0,433828.0,11725.0,145,1121791,7736.0,39.0,49621.0,1272.0,12.0,10500.0,875.0,51,60121,1179.0
219602,952.0,6734721.0,7074.0,112.0,744005.0,6643.0,1064,7478726,7029.0,552.0,1675267.0,3035.0,17.0,44356.0,2609.0,569,1719623,3022.0
219718,94.0,441578.0,4698.0,22.0,138408.0,6291.0,116,579986,5000.0,29.0,57528.0,1984.0,5.0,11250.0,2250.0,34,68778,2023.0
219806,44.0,360094.0,8184.0,20.0,68640.0,3432.0,64,428734,6699.0,10.0,34750.0,3475.0,1.0,4250.0,4250.0,11,39000,3545.0
219976,86.0,2020671.0,23496.0,40.0,671010.0,16775.0,126,2691681,21363.0,6.0,11000.0,1833.0,15.0,40750.0,2717.0,21,51750,2464.0
220215,20.0,244999.0,12250.0,7.0,49818.0,7117.0,27,294817,10919.0,7.0,26250.0,3750.0,1.0,3750.0,3750.0,8,30000,3750.0
220613,46.0,490040.0,10653.0,7.0,63149.0,9021.0,53,553189,10438.0,4.0,6740.0,1685.0,1.0,750.0,750.0,5,7490,1498.0
220862,308.0,2464060.0,8000.0,59.0,456463.0,7737.0,367,2920523,7958.0,61.0,219554.0,3599.0,6.0,10219.0,1703.0,67,229773,3429.0
220978,669.0,5123821.0,7659.0,78.0,553630.0,7098.0,747,5677451,7600.0,81.0,240929.0,2974.0,6.0,11750.0,1958.0,87,252679,2904.0
221661,20.0,369548.0,18477.0,1.0,5049.0,5049.0,21,374597,17838.0,1.0,4000.0,4000.0,1.0,4000.0,4000.0,2,8000,4000.0
221740,192.0,1665677.0,8675.0,29.0,218948.0,7550.0,221,1884625,8528.0,25.0,65750.0,2630.0,3.0,6250.0,2083.0,28,72000,2571.0
221759,582.0,6236245.0,10715.0,172.0,2880271.0,16746.0,754,9116516,12091.0,43.0,167323.0,3891.0,20.0,52172.0,2609.0,63,219495,3484.0
221768,91.0,752847.0,8273.0,10.0,81570.0,8157.0,101,834417,8262.0,1.0,3750.0,3750.0,2.0,1500.0,750.0,3,5250,1750.0
221847,174.0,1305885.0,7505.0,8.0,46933.0,5867.0,182,1352818,7433.0,44.0,168168.0,3822.0,6.0,25884.0,4314.0,50,194052,3881.0
221892,36.0,356778.0,9911.0,43.0,436719.0,10156.0,79,793497,10044.0,2.0,6250.0,3125.0,7.0,11000.0,1571.0,9,17250,1917.0
222628,1.0,7855.0,7855.0,17.0,74946.0,4409.0,18,82801,4600.0,1.0,750.0,750.0,16.0,42391.0,2649.0,17,43141,2538.0
222831,183.0,1182905.0,6464.0,52.0,205278.0,3948.0,235,1388183,5907.0,121.0,233884.0,1933.0,198.0,408196.0,2062.0,319,642080,2013.0
224147,250.0,2261321.0,9045.0,86.0,474667.0,5519.0,336,2735988,8143.0,14.0,38639.0,2760.0,25.0,45389.0,1816.0,39,84028,2155.0
224545,48.0,305165.0,6358.0,2.0,8484.0,4242.0,50,313649,6273.0,1.0,750.0,750.0,3.0,4181.0,1394.0,4,4931,1233.0
224554,235.0,1367399.0,5819.0,97.0,461258.0,4755.0,332,1828657,5508.0,23.0,24346.0,1059.0,33.0,47185.0,1430.0,56,71531,1277.0
225201,260.0,3805360.0,14636.0,22.0,172172.0,7826.0,282,3977532,14105.0,1.0,1500.0,1500.0,1.0,3000.0,3000.0,2,4500,2250.0
225414,192.0,1174207.0,6116.0,57.0,359978.0,6315.0,249,1534185,6161.0,6.0,16166.0,2694.0,4.0,9750.0,2438.0,10,25916,2592.0
225511,536.0,5263251.0,9819.0,75.0,1169858.0,15598.0,611,6433109,10529.0,15.0,52250.0,3483.0,6.0,20250.0,3375.0,21,72500,3452.0
225627,489.0,6286688.0,12856.0,218.0,2170372.0,9956.0,707,8457060,11962.0,222.0,498075.0,2244.0,196.0,353625.0,1804.0,418,851700,2038.0
226091,176.0,1136682.0,6458.0,111.0,475113.0,4280.0,287,1611795,5616.0,8.0,20508.0,2564.0,11.0,19311.0,1756.0,19,39819,2096.0
226152,56.0,353464.0,6312.0,44.0,215437.0,4896.0,100,568901,5689.0,3.0,8705.0,2902.0,16.0,47028.0,2939.0,19,55733,2933.0
226833,155.0,1001606.0,6462.0,21.0,91471.0,4356.0,176,1093077,6211.0,4.0,8250.0,2063.0,2.0,4910.0,2455.0,6,13160,2193.0
227216,977.0,9444261.0,9667.0,161.0,1175841.0,7303.0,1138,10620102,9332.0,39.0,102931.0,2639.0,25.0,86524.0,3461.0,64,189455,2960.0
227331,79.0,1070731.0,13554.0,102.0,1058118.0,10374.0,181,2128849,11762.0,3.0,8750.0,2917.0,12.0,24800.0,2067.0,15,33550,2237.0
227368,238.0,1470483.0,6179.0,30.0,168304.0,5610.0,268,1638787,6115.0,12.0,29418.0,2452.0,9.0,32749.0,3639.0,21,62167,2960.0
227881,438.0,3615141.0,8254.0,80.0,461678.0,5771.0,518,4076819,7870.0,42.0,132047.0,3144.0,13.0,27000.0,2077.0,55,159047,2892.0
228149,54.0,1436684.0,26605.0,84.0,1570676.0,18699.0,138,3007360,21792.0,1.0,2250.0,2250.0,38.0,105240.0,2769.0,39,107490,2756.0
228246,81.0,2972499.0,36698.0,119.0,2519714.0,21174.0,200,5492213,27461.0,1.0,3500.0,3500.0,6.0,11750.0,1958.0,7,15250,2179.0
228431,188.0,1550564.0,8248.0,18.0,80085.0,4449.0,206,1630649,7916.0,20.0,57068.0,2853.0,2.0,3550.0,1775.0,22,60618,2755.0
228459,1180.0,10284846.0,8716.0,164.0,992265.0,6050.0,1344,11277111,8391.0,30.0,71282.0,2376.0,9.0,31920.0,3547.0,39,103202,2646.0
228529,326.0,4236179.0,12994.0,73.0,526514.0,7213.0,399,4762693,11937.0,33.0,56379.0,1708.0,5.0,4904.0,981.0,38,61283,1613.0
228723,973.0,10050529.0,10329.0,301.0,3938573.0,13085.0,1274,13989102,10980.0,25.0,71139.0,2846.0,16.0,50000.0,3125.0,41,121139,2955.0
228769,871.0,6585053.0,7560.0,223.0,1457165.0,6534.0,1094,8042218,7351.0,85.0,252273.0,2968.0,16.0,39730.0,2483.0,101,292003,2891.0
228778,402.0,3879572.0,9651.0,129.0,3198083.0,24791.0,531,7077655,13329.0,11.0,26250.0,2386.0,36.0,134412.0,3734.0,47,160662,3418.0
228787,347.0,4275002.0,12320.0,121.0,1502323.0,12416.0,468,5777325,12345.0,28.0,99500.0,3554.0,6.0,23565.0,3928.0,34,123065,3620.0
228796,886.0,6948898.0,7843.0,128.0,800512.0,6254.0,1014,7749410,7642.0,82.0,190240.0,2320.0,91.0,227682.0,2502.0,173,417922,2416.0
228802,153.0,1126796.0,7365.0,74.0,705795.0,9538.0,227,1832591,8073.0,8.0,13619.0,1702.0,12.0,27000.0,2250.0,20,40619,2031.0
229018,82.0,643578.0,7849.0,21.0,84077.0,4004.0,103,727655,7065.0,5.0,17866.0,3573.0,10.0,24683.0,2468.0,15,42549,2837.0
229027,1591.0,13796790.0,8672.0,239.0,2080302.0,8704.0,1830,15877092,8676.0,28.0,111227.0,3972.0,5.0,14216.0,2843.0,33,125443,3801.0
229115,597.0,5467881.0,9159.0,131.0,1218489.0,9301.0,728,6686370,9185.0,38.0,93879.0,2471.0,17.0,41580.0,2446.0,55,135459,2463.0
229179,167.0,1101592.0,6596.0,90.0,501587.0,5573.0,257,1603179,6238.0,6.0,25205.0,4201.0,4.0,9674.0,2419.0,10,34879,3488.0
229337,85.0,808923.0,9517.0,79.0,499562.0,6324.0,164,1308485,7979.0,4.0,14199.0,3550.0,13.0,42094.0,3238.0,17,56293,3311.0
229780,450.0,2945962.0,6547.0,252.0,1551100.0,6155.0,702,4497062,6406.0,350.0,810027.0,2314.0,56.0,129504.0,2313.0,406,939531,2314.0
229814,136.0,1008588.0,7416.0,59.0,280264.0,4750.0,195,1288852,6609.0,18.0,44944.0,2497.0,25.0,55041.0,2202.0,43,99985,2325.0
230171,107.0,390199.0,3647.0,1.0,2462.0,2462.0,108,392661,3636.0,6.0,10349.0,1725.0,1.0,1500.0,1500.0,7,11849,1693.0
230603,422.0,15296488.0,36248.0,16.0,147879.0,9242.0,438,15444367,35261.0,31.0,66275.0,2138.0,31.0,57015.0,1839.0,62,123290,1989.0
230728,347.0,2209893.0,6369.0,38.0,310132.0,8161.0,385,2520025,6546.0,89.0,288834.0,3245.0,25.0,85185.0,3407.0,114,374019,3281.0
230737,473.0,2912266.0,6157.0,10.0,74457.0,7446.0,483,2986723,6184.0,154.0,432496.0,2808.0,6.0,23500.0,3917.0,160,455996,2850.0
230782,303.0,1661411.0,5483.0,13.0,112537.0,8657.0,316,1773948,5614.0,86.0,225370.0,2621.0,33.0,119537.0,3622.0,119,344907,2898.0
230852,134.0,1593468.0,11892.0,51.0,339415.0,6655.0,185,1932883,10448.0,26.0,60354.0,2321.0,8.0,18750.0,2344.0,34,79104,2327.0
230913,26.0,258530.0,9943.0,1.0,11825.0,11825.0,27,270355,10013.0,2.0,4000.0,2000.0,1.0,1750.0,1750.0,3,5750,1917.0
230995,147.0,2198818.0,14958.0,218.0,2099501.0,9631.0,365,4298319,11776.0,580.0,1419175.0,2447.0,91.0,264046.0,2902.0,671,1683221,2509.0
231651,409.0,3556040.0,8694.0,465.0,4184337.0,8999.0,874,7740377,8856.0,255.0,582000.0,2282.0,165.0,365620.0,2216.0,420,947620,2256.0
232186,1029.0,11921505.0,11586.0,429.0,4820745.0,11237.0,1458,16742250,11483.0,42.0,139130.0,3313.0,27.0,49000.0,1815.0,69,188130,2727.0
232423,474.0,4959680.0,10463.0,35.0,328523.0,9386.0,509,5288203,10389.0,17.0,49190.0,2894.0,2.0,3750.0,1875.0,19,52940,2786.0
232557,4980.0,42484038.0,8531.0,3765.0,16190688.0,4300.0,8745,58674726,6710.0,4396.0,10461763.0,2380.0,4272.0,9012220.0,2110.0,8668,19473983,2247.0
232566,89.0,935697.0,10513.0,18.0,98160.0,5453.0,107,1033857,9662.0,1.0,3000.0,3000.0,2.0,2694.0,1347.0,3,5694,1898.0
232681,168.0,1860198.0,11073.0,20.0,145795.0,7290.0,188,2005993,10670.0,1.0,4000.0,4000.0,1.0,2000.0,2000.0,2,6000,3000.0
232982,1791.0,26999870.0,15075.0,259.0,3441681.0,13288.0,2050,30441551,14850.0,362.0,1495708.0,4132.0,90.0,278861.0,3098.0,452,1774569,3926.0
233684,507.0,3975106.0,7840.0,147.0,1160834.0,7897.0,654,5135940,7853.0,67.0,162522.0,2426.0,12.0,17940.0,1495.0,79,180462,2284.0
233921,679.0,8245325.0,12143.0,149.0,1836836.0,12328.0,828,10082161,12177.0,22.0,93756.0,4262.0,17.0,12174.0,716.0,39,105930,2716.0
234030,599.0,7371685.0,12307.0,123.0,1798292.0,14620.0,722,9169977,12701.0,37.0,111916.0,3025.0,6.0,14456.0,2409.0,43,126372,2939.0
234076,295.0,4960543.0,16815.0,259.0,11180488.0,43168.0,554,16141031,29135.0,6.0,12000.0,2000.0,6.0,25000.0,4167.0,12,37000,3083.0
234915,81.0,710656.0,8774.0,73.0,601496.0,8240.0,154,1312152,8520.0,33.0,59785.0,1812.0,8.0,9925.0,1241.0,41,69710,1700.0
235097,222.0,1491201.0,6717.0,75.0,559057.0,7454.0,297,2050258,6903.0,4.0,6403.0,1601.0,3.0,11726.0,3909.0,7,18129,2590.0
236452,201.0,4582387.0,22798.0,41.0,526412.0,12839.0,242,5108799,21111.0,61.0,143000.0,2344.0,6.0,19500.0,3250.0,67,162500,2425.0
236595,141.0,3077742.0,21828.0,63.0,1118336.0,17751.0,204,4196078,20569.0,4.0,14247.0,3562.0,1.0,2382.0,2382.0,5,16629,3326.0
236939,542.0,5496367.0,10141.0,166.0,2060946.0,12415.0,708,7557313,10674.0,25.0,57877.0,2315.0,29.0,68349.0,2357.0,54,126226,2338.0
236948,408.0,4145006.0,10159.0,318.0,7649788.0,24056.0,726,11794794,16246.0,9.0,30223.0,3358.0,15.0,41182.0,2745.0,24,71405,2975.0
237312,125.0,706012.0,5648.0,71.0,497518.0,7007.0,196,1203530,6140.0,1139.0,2923100.0,2566.0,498.0,759450.0,1525.0,1637,3682550,2250.0
237525,115.0,788550.0,6857.0,37.0,233568.0,6313.0,152,1022118,6724.0,5.0,14250.0,2850.0,34.0,62125.0,1827.0,39,76375,1958.0
237792,42.0,210724.0,5017.0,3.0,10373.0,3458.0,45,221097,4913.0,13.0,56784.0,4368.0,1.0,4644.0,4644.0,14,61428,4388.0
238032,373.0,2947453.0,7902.0,107.0,1253767.0,11717.0,480,4201220,8753.0,26.0,54445.0,2094.0,27.0,61250.0,2269.0,53,115695,2183.0
238661,20.0,401770.0,20089.0,3.0,29220.0,9740.0,23,430990,18739.0,2.0,8000.0,4000.0,1.0,1500.0,1500.0,3,9500,3167.0
239071,14.0,147339.0,10524.0,8.0,26776.0,3347.0,22,174115,7914.0,7.0,9250.0,1321.0,3.0,7000.0,2333.0,10,16250,1625.0
240189,128.0,745539.0,5825.0,63.0,464372.0,7371.0,191,1209911,6335.0,6.0,14750.0,2458.0,9.0,16147.0,1794.0,15,30897,2060.0
240268,92.0,595290.0,6471.0,4.0,25364.0,6341.0,96,620654,6465.0,2.0,6000.0,3000.0,2.0,2000.0,1000.0,4,8000,2000.0
240374,118.0,625282.0,5299.0,13.0,81893.0,6299.0,131,707175,5398.0,2.0,4500.0,2250.0,1.0,750.0,750.0,3,5250,1750.0
240444,212.0,1771622.0,8357.0,98.0,1650837.0,16845.0,310,3422459,11040.0,3.0,9500.0,3167.0,2.0,4750.0,2375.0,5,14250,2850.0
240453,405.0,2932924.0,7242.0,52.0,469170.0,9023.0,457,3402094,7444.0,8.0,15500.0,1938.0,1.0,3750.0,3750.0,9,19250,2139.0
240462,80.0,545123.0,6814.0,20.0,166652.0,8333.0,100,711775,7118.0,3.0,6000.0,2000.0,5.0,4500.0,900.0,8,10500,1313.0
240480,150.0,995464.0,6636.0,13.0,74296.0,5715.0,163,1069760,6563.0,1.0,3349.0,3349.0,1.0,3000.0,3000.0,2,6349,3175.0
240727,208.0,895690.0,4306.0,29.0,261294.0,9010.0,237,1156984,4882.0,11.0,26655.0,2423.0,8.0,19361.0,2420.0,19,46016,2422.0
240754,178.0,828608.0,4655.0,14.0,56557.0,4040.0,192,885165,4610.0,18.0,47446.0,2636.0,7.0,16000.0,2286.0,25,63446,2538.0
241191,6.0,25706.0,4284.0,1.0,8603.0,8603.0,7,34309,4901.0,3.0,8695.0,2898.0,1.0,1785.0,1785.0,4,10480,2620.0
242653,82.0,324979.0,3963.0,34.0,89332.0,2627.0,116,414311,3572.0,4.0,4950.0,1238.0,4.0,2475.0,619.0,8,7425,928.0
242699,16.0,66231.0,4139.0,2.0,6610.0,3305.0,18,72841,4047.0,8.0,19309.0,2414.0,2.0,3063.0,1532.0,10,22372,2237.0
242972,673.0,4170565.0,6197.0,22.0,74004.0,3364.0,695,4244569,6107.0,103.0,278474.0,2704.0,13.0,22105.0,1700.0,116,300579,2591.0
243346,53.0,180524.0,3406.0,14.0,33640.0,2403.0,67,214164,3196.0,1.0,2460.0,2460.0,3.0,3978.0,1326.0,4,6438,1610.0
243577,90.0,411271.0,4570.0,12.0,33522.0,2794.0,102,444793,4361.0,17.0,42000.0,2471.0,3.0,5985.0,1995.0,20,47985,2399.0
243780,292.0,2809640.0,9622.0,143.0,1450167.0,10141.0,435,4259807,9793.0,81.0,281876.0,3480.0,48.0,108551.0,2261.0,129,390427,3027.0
243823,51.0,372716.0,7308.0,38.0,668719.0,17598.0,89,1041435,11702.0,1.0,2750.0,2750.0,3.0,10750.0,3583.0,4,13500,3375.0
243832,6.0,17584.0,2931.0,1.0,2995.0,2995.0,7,20579,2940.0,5.0,9659.0,1932.0,1.0,1469.0,1469.0,6,11128,1855.0
245953,73.0,443953.0,6082.0,32.0,214370.0,6699.0,105,658323,6270.0,14.0,39250.0,2804.0,3.0,10500.0,3500.0,17,49750,2926.0
248934,1883.0,32347944.0,17179.0,62.0,923704.0,14898.0,1945,33271648,17106.0,287.0,837264.0,2917.0,9.0,30500.0,3389.0,296,867764,2932.0
262086,506.0,4580357.0,9052.0,342.0,3224412.0,9428.0,848,7804769,9204.0,422.0,944825.0,2239.0,236.0,566240.0,2399.0,658,1511065,2296.0
377555,145.0,1485221.0,10243.0,14.0,234741.0,16767.0,159,1719962,10817.0,2.0,4167.0,2084.0,1.0,1333.0,1333.0,3,5500,1833.0
377564,270.0,2678241.0,9919.0,56.0,831073.0,14841.0,326,3509314,10765.0,16.0,45550.0,2847.0,4.0,5660.0,1415.0,20,51210,2561.0
385619,499.0,9553670.0,19146.0,81.0,1031252.0,12732.0,580,10584922,18250.0,8.0,31250.0,3906.0,1.0,3750.0,3750.0,9,35000,3889.0
413413,596.0,3870787.0,6495.0,1082.0,8375954.0,7741.0,1678,12246741,7298.0,41.0,93903.0,2290.0,90.0,229682.0,2552.0,131,323585,2470.0
414878,10.0,61857.0,6186.0,1.0,2070.0,2070.0,11,63927,5812.0,5.0,15000.0,3000.0,1.0,750.0,750.0,6,15750,2625.0
426314,3120.0,18600451.0,5962.0,1238.0,6811946.0,5502.0,4358,25412397,5831.0,7937.0,17703665.0,2231.0,856.0,1603289.0,1873.0,8793,19306954,2196.0
430184,174.0,1132459.0,6508.0,47.0,318075.0,6768.0,221,1450534,6564.0,12.0,26885.0,2240.0,4.0,9720.0,2430.0,16,36605,2288.0
433387,4677.0,16346540.0,3495.0,1076.0,4070397.0,3783.0,5753,20416937,3549.0,3337.0,9713573.0,2911.0,620.0,1717523.0,2770.0,3957,11431096,2889.0
433660,189.0,819484.0,4336.0,33.0,154128.0,4671.0,222,973612,4386.0,9.0,30698.0,3411.0,3.0,4490.0,1497.0,12,35188,2932.0
438586,80.0,950733.0,11884.0,10.0,124608.0,12461.0,90,1075341,11948.0,18.0,59329.0,3296.0,1.0,4500.0,4500.0,19,63829,3359.0
441937,63.0,274898.0,4363.0,6.0,43273.0,7212.0,69,318171,4611.0,2.0,4368.0,2184.0,2.0,6300.0,3150.0,4,10668,2667.0
442569,146.0,530964.0,3637.0,635.0,2654793.0,4181.0,781,3185757,4079.0,286.0,726350.0,2540.0,856.0,2128800.0,2487.0,1142,2855150,2500.0
443049,11.0,75895.0,6900.0,13.0,74795.0,5753.0,24,150690,6279.0,2.0,3900.0,1950.0,1.0,667.0,667.0,3,4567,1522.0
443599,101.0,767849.0,7602.0,57.0,426358.0,7480.0,158,1194207,7558.0,18.0,20750.0,1153.0,18.0,19500.0,1083.0,36,40250,1118.0
444130,4.0,9629.0,2407.0,502.0,3689183.0,7349.0,506,3698812,7310.0,1.0,2250.0,2250.0,19.0,43563.0,2293.0,20,45813,2291.0
445027,832.0,7967398.0,9576.0,410.0,3411902.0,8322.0,1242,11379300,9162.0,1076.0,3446900.0,3203.0,384.0,1176748.0,3064.0,1460,4623648,3167.0
449038,124.0,928574.0,7489.0,25.0,231129.0,9245.0,149,1159703,7783.0,20.0,50297.0,2515.0,7.0,10235.0,1462.0,27,60532,2242.0
449339,11926.0,49462451.0,4147.0,3356.0,11742569.0,3499.0,15282,61205020,4005.0,49129.0,109481785.0,2228.0,8661.0,19850916.0,2292.0,57790,129332701,2238.0
450298,8.0,70797.0,8850.0,4.0,21356.0,5339.0,12,92153,7679.0,2.0,2970.0,1485.0,1.0,2970.0,2970.0,3,5940,1980.0
450933,1649.0,4951641.0,3003.0,662.0,1850020.0,2795.0,2311,6801661,2943.0,3186.0,6064852.0,1904.0,1587.0,3031167.0,1910.0,4773,9096019,1906.0
453163,115.0,878968.0,7643.0,16.0,113882.0,7118.0,131,992850,7579.0,14.0,35055.0,2504.0,4.0,8910.0,2228.0,18,43965,2443.0
454227,303.0,2526511.0,8338.0,284.0,1927805.0,6788.0,587,4454316,7588.0,17.0,46750.0,2750.0,26.0,49750.0,1913.0,43,96500,2244.0
454829,24.0,63103.0,2629.0,12.0,13752.0,1146.0,36,76855,2135.0,6.0,2685.0,448.0,21.0,15562.0,741.0,27,18247,676.0
455664,9.0,79851.0,8872.0,31.0,804073.0,25938.0,40,883924,22098.0,1.0,1500.0,1500.0,5.0,13750.0,2750.0,6,15250,2542.0
458964,86.0,638323.0,7422.0,15.0,72172.0,4811.0,101,710495,7035.0,15.0,37966.0,2531.0,2.0,8168.0,4084.0,17,46134,2714.0
458973,211.0,1730060.0,8199.0,19.0,145461.0,7656.0,230,1875521,8154.0,20.0,45540.0,2277.0,4.0,5227.0,1307.0,24,50767,2115.0
459727,4.0,16150.0,4038.0,47.0,249266.0,5304.0,51,265416,5204.0,35.0,113125.0,3232.0,30.0,83625.0,2788.0,65,196750,3027.0
459949,217.0,1321637.0,6090.0,16.0,84524.0,5283.0,233,1406161,6035.0,10.0,15316.0,1532.0,4.0,9214.0,2304.0,14,24530,1752.0
459994,275.0,2154956.0,7836.0,198.0,2187731.0,11049.0,473,4342687,9181.0,50.0,125904.0,2518.0,36.0,68707.0,1909.0,86,194611,2263.0
460349,46.0,335191.0,7287.0,22.0,196161.0,8916.0,68,531352,7814.0,16.0,34500.0,2156.0,2.0,5250.0,2625.0,18,39750,2208.0
461528,20.0,39621.0,1981.0,12.0,28935.0,2411.0,32,68556,2142.0,18.0,9040.0,502.0,4.0,1500.0,375.0,22,10540,479.0
474863,24.0,138825.0,5784.0,4.0,28200.0,7050.0,28,167025,5965.0,5.0,7250.0,1450.0,3.0,5250.0,1750.0,8,12500,1563.0
475398,4.0,13826.0,3457.0,5.0,8245.0,1649.0,9,22071,2452.0,2.0,5250.0,2625.0,3.0,4500.0,1500.0,5,9750,1950.0
476975,375.0,865734.0,2309.0,156.0,340775.0,2184.0,531,1206509,2272.0,533.0,2015751.0,3782.0,211.0,759167.0,3598.0,744,2774918,3730.0
479956,735.0,7301100.0,9933.0,612.0,6269334.0,10244.0,1347,13570434,10075.0,740.0,1757469.0,2375.0,168.0,317390.0,1889.0,908,2074859,2285.0
480569,158.0,1040891.0,6588.0,65.0,420821.0,6474.0,223,1461712,6555.0,142.0,356883.0,2513.0,32.0,87062.0,2721.0,174,443945,2551.0
482149,312.0,1960178.0,6283.0,79.0,931841.0,11795.0,391,2892019,7396.0,47.0,118180.0,2514.0,17.0,32729.0,1925.0,64,150909,2358.0
482158,235.0,1017403.0,4329.0,6.0,17376.0,2896.0,241,1034779,4294.0,62.0,71136.0,1147.0,40.0,87512.0,2188.0,102,158648,1555.0
482477,251.0,661970.0,2637.0,58.0,132488.0,2284.0,309,794458,2571.0,20.0,15250.0,763.0,2.0,1500.0,750.0,22,16750,761.0
482680,303.0,2637009.0,8703.0,19.0,159600.0,8400.0,322,2796609,8685.0,15.0,67500.0,4500.0,6.0,27000.0,4500.0,21,94500,4500.0
482705,67.0,1114062.0,16628.0,123.0,1397436.0,11361.0,190,2511498,13218.0,5.0,12250.0,2450.0,23.0,63500.0,2761.0,28,75750,2705.0
483036,292.0,1624068.0,5562.0,95.0,462372.0,4867.0,387,2086440,5391.0,57.0,142266.0,2496.0,14.0,26282.0,1877.0,71,168548,2374.0
483124,2758.0,25353308.0,9193.0,700.0,6423290.0,9176.0,3458,31776598,9189.0,1828.0,3916121.0,2142.0,123.0,273248.0,2222.0,1951,4189369,2147.0
484613,6352.0,41667442.0,6560.0,1127.0,8882797.0,7882.0,7479,50550239,6759.0,1589.0,3804847.0,2394.0,140.0,263706.0,1884.0,1729,4068553,2353.0
484631,561.0,4339352.0,7735.0,133.0,1049311.0,7890.0,694,5388663,7765.0,6.0,9150.0,1525.0,1.0,2250.0,2250.0,7,11400,1629.0
486840,774.0,3717186.0,4803.0,96.0,656011.0,6833.0,870,4373197,5027.0,129.0,230295.0,1785.0,34.0,98883.0,2908.0,163,329178,2019.0
487524,35.0,564660.0,16133.0,14.0,165147.0,11796.0,49,729807,14894.0,6.0,22000.0,3667.0,2.0,9000.0,4500.0,8,31000,3875.0
488031,3.0,14907.0,4969.0,2.0,8818.0,4409.0,5,23725,4745.0,2.0,1500.0,750.0,3.0,6750.0,2250.0,5,8250,1650.0
488679,215.0,685634.0,3189.0,81.0,407955.0,5036.0,296,1093589,3695.0,85.0,245583.0,2889.0,19.0,60974.0,3209.0,104,306557,2948.0
489779,3347.0,15527359.0,4639.0,813.0,4558867.0,5607.0,4160,20086226,4828.0,9576.0,24312517.0,2539.0,509.0,1263210.0,2482.0,10085,25575727,2536.0
489937,9.0,76414.0,8490.0,8.0,32093.0,4012.0,17,108507,6383.0,1.0,2200.0,2200.0,3.0,10050.0,3350.0,4,12250,3063.0
498562,135.0,1125134.0,8334.0,14.0,154779.0,11056.0,149,1279913,8590.0,19.0,57566.0,3030.0,5.0,10250.0,2050.0,24,67816,2826.0
498571,89.0,609826.0,6852.0,22.0,150665.0,6848.0,111,760491,6851.0,106.0,310835.0,2932.0,42.0,91750.0,2185.0,148,402585,2720.0
